stat_type,var_num,feature_volumes,feature_diameters,intersects_bounds,percolated
3,1,20578.708215326,161.81029445146,1,0
4,1,1368.5327554687,5.3460764377862,0,0
