stat_type,var_num,feature_volumes,feature_diameters,intersects_bounds,percolated
3,1,20560.930538167,161.73853104313,1,0
4,1,1388.3696231496,5.427349319596,0,0
