var_num,feature_volumes,feature_diameters,intersects_bounds,percolated
0,20205.606311534,160.39506532682,1,0
1,19998.679798387,159.57164523123,1,0
2,22202.089263657,168.1326203514,1,0
