var_num,feature_volumes,feature_diameters,intersects_bounds,percolated
0,20144.667894988,160.15301364463,1,0
1,19395.857748716,157.14825194613,1,0
2,22108.972466836,167.77967111136,1,0
