var_num,feature_volumes,feature_diameters,intersects_bounds,percolated
0,20158.525441036,160.208088919,1,0
1,19594.147793699,157.9494976767,1,0
2,22117.544209853,167.81219240691,1,0
