stat_type,var_num,feature_volumes,feature_diameters,intersects_bounds,percolated
3,1,20550.850187242,161.69803917625,1,0
4,1,1396.9893579875,5.4634141631495,0,0
