stat_type,var_num,feature_volumes,feature_diameters,intersects_bounds,percolated
3,1,20586.255324067,161.84055772604,1,0
4,1,1362.1282251067,5.319995047988,0,0
