var_num,feature_volumes,feature_diameters,intersects_bounds,percolated
0,20126.449298593,160.08057702943,1,0
1,19455.700684593,157.39049362066,1,0
2,22114.367291272,167.80013987493,1,0
