stat_type,var_num,feature_volumes,feature_diameters,intersects_bounds,percolated
3,1,20565.283117995,161.75621235141,1,0
4,1,1382.4345855051,5.4027049100749,0,0
