stat_type,var_num,feature_volumes,feature_diameters,intersects_bounds,percolated
3,1,20564.931240096,161.75476054715,1,0
4,1,1383.1668399772,5.4057094796142,0,0
