var_num,feature_volumes,feature_diameters,intersects_bounds,percolated
0,20164.514621124,160.23188638971,1,0
1,19724.359707695,158.47345132361,1,0
2,22128.552604588,167.85394914602,1,0
