stat_type,var_num,feature_volumes,feature_diameters,intersects_bounds,percolated
3,1,20554.83609472,161.71408362102,1,0
4,1,1393.2681425925,5.4477486122404,0,0
