stat_type,var_num,feature_volumes,feature_diameters,intersects_bounds,percolated
3,1,20563.95475034,161.75070599504,1,0
4,1,1385.5182410145,5.4151861996095,0,0
