var_num,feature_volumes,feature_diameters,intersects_bounds,percolated
0,20223.696009236,160.46684860014,1,0
1,20023.817645439,159.67190254625,1,0
2,22211.974416063,168.17004546939,1,0
