stat_type,var_num,feature_volumes,feature_diameters,intersects_bounds,percolated
3,1,20549.228885534,161.69124151236,1,0
4,1,1401.4339801085,5.4817765005674,0,0
