stat_type,var_num,feature_volumes,feature_diameters,intersects_bounds,percolated
3,1,20609.902877024,161.93573526661,1,0
4,1,1337.1948901948,5.2193390157482,0,0
