stat_type,var_num,feature_volumes,feature_diameters,intersects_bounds,percolated
3,1,20586.978478506,161.84356352898,1,0
4,1,1360.2723510214,5.312633483334,0,0
