var_num,feature_volumes,feature_diameters,intersects_bounds,percolated
0,20231.492012583,160.4977746868,1,0
1,20036.212298347,159.72131299537,1,0
2,22217.348498133,168.19038821225,1,0
