stat_type,var_num,feature_volumes,feature_diameters,intersects_bounds,percolated
3,1,20600.141847997,161.89640511933,1,0
4,1,1348.1351646476,5.2634452777423,0,0
