stat_type,var_num,feature_volumes,feature_diameters,intersects_bounds,percolated
3,1,20788.311423211,162.64583557842,1,0
4,1,1214.7437886233,4.7168328303863,0,0
