stat_type,var_num,feature_volumes,feature_diameters,intersects_bounds,percolated
3,1,20572.692470992,161.78613540777,1,0
4,1,1373.9706043339,5.3682379179153,0,0
