stat_type,var_num,feature_volumes,feature_diameters,intersects_bounds,percolated
3,1,20582.499009999,161.82546094357,1,0
4,1,1365.746615551,5.3345842489196,0,0
