stat_type,var_num,feature_volumes,feature_diameters,intersects_bounds,percolated
3,1,20819.304968444,162.76785958283,1,0
4,1,1205.5341279019,4.6775420705326,0,0
