var_num,feature_volumes,feature_diameters,intersects_bounds,percolated
0,20141.257267117,160.13945557912,1,0
1,19403.794732945,157.18040199691,1,0
2,22109.896172871,167.78317596615,1,0
