stat_type,var_num,feature_volumes,feature_diameters,intersects_bounds,percolated
3,1,20549.751245968,161.69339557951,1,0
4,1,1400.4306926636,5.4774647609374,0,0
