stat_type,var_num,feature_volumes,feature_diameters,intersects_bounds,percolated
3,1,20558.689745345,161.72959612899,1,0
4,1,1389.5763648705,5.4324728715866,0,0
