stat_type,var_num,feature_volumes,feature_diameters,intersects_bounds,percolated
3,1,20727.728965808,162.40637483818,1,0
4,1,1241.0859035202,4.827049368982,0,0
