var_num,feature_volumes,feature_diameters,intersects_bounds,percolated
0,20170.294671888,160.25484955286,1,0
1,19758.583961391,158.61087745679,1,0
2,22132.289930256,167.86812310485,1,0
