var_num,feature_volumes,feature_diameters,intersects_bounds,percolated
0,20189.606049848,160.33154653807,1,0
1,19890.420990578,159.13915472515,1,0
2,22154.727920507,167.95319494204,1,0
