var_num,feature_volumes,feature_diameters,intersects_bounds,percolated
0,20136.507128669,160.12057072426,1,0
1,19412.837687778,157.21702394971,1,0
2,22109.12086877,167.7802342037,1,0
