stat_type,var_num,feature_volumes,feature_diameters,intersects_bounds,percolated
3,1,20565.505758153,161.75707017501,1,0
4,1,1382.6441922556,5.4035317834837,0,0
