var_num,feature_volumes,feature_diameters,intersects_bounds,percolated
0,20133.804925421,160.10982673474,1,0
1,19425.519196247,157.2683668691,1,0
2,22111.417779094,167.78894929793,1,0
