var_num,feature_volumes,feature_diameters,intersects_bounds,percolated
0,20162.005683388,160.22191778051,1,0
1,19614.239519331,158.0304571781,1,0
2,22118.859413249,167.81718174664,1,0
