stat_type,var_num,feature_volumes,feature_diameters,intersects_bounds,percolated
3,1,20601.182513798,161.90075171202,1,0
4,1,1345.1521844461,5.2516911499535,0,0
