var_num,feature_volumes,feature_diameters,intersects_bounds,percolated
0,20160.956059328,160.21774718927,1,0
1,19604.527067489,157.99132608519,1,0
2,22117.896828766,167.81353011232,1,0
