var_num,feature_volumes,feature_diameters,intersects_bounds,percolated
0,20130.835470009,160.09801931621,1,0
1,19438.176750684,157.31959609827,1,0
2,22113.745677737,167.79778150831,1,0
