stat_type,var_num,feature_volumes,feature_diameters,intersects_bounds,percolated
3,1,20574.766307251,161.79442332687,1,0
4,1,1372.577651856,5.3624620842134,0,0
