stat_type,var_num,feature_volumes,feature_diameters,intersects_bounds,percolated
3,1,20562.641790405,161.74534549722,1,0
4,1,1387.6247207264,5.423819929678,0,0
