var_num,feature_volumes,feature_diameters,intersects_bounds,percolated
0,20135.081355952,160.11490192627,1,0
1,19416.693995082,157.23263854099,1,0
2,22108.811090454,167.77905878698,1,0
