var_num,feature_volumes,feature_diameters,intersects_bounds,percolated
0,20145.667017441,160.15698517914,1,0
1,19530.699458973,157.69356006984,1,0
2,22114.25494259,167.79971363283,1,0
