var_num,feature_volumes,feature_diameters,intersects_bounds,percolated
0,20134.062638667,160.11085143651,1,0
1,19420.452064894,157.24785386662,1,0
2,22109.993580598,167.78354555992,1,0
