stat_type,var_num,feature_volumes,feature_diameters,intersects_bounds,percolated
3,1,20804.045174633,162.70783933429,1,0
4,1,1209.4333302648,4.694468974001,0,0
