stat_type,var_num,feature_volumes,feature_diameters,intersects_bounds,percolated
3,1,20549.087945401,161.69055352385,1,0
4,1,1403.0110358181,5.4876609055438,0,0
