var_num,feature_volumes,feature_diameters,intersects_bounds,percolated
0,20178.365314236,160.28690734492,1,0
1,19797.827988717,158.76831388882,1,0
2,22137.096387323,167.88635002868,1,0
