var_num,feature_volumes,feature_diameters,intersects_bounds,percolated
0,20193.857096098,160.34842504834,1,0
1,19917.261211138,159.24649006129,1,0
2,22160.122464364,167.97364149712,1,0
