stat_type,var_num,feature_volumes,feature_diameters,intersects_bounds,percolated
3,1,20548.463816387,161.68808505242,1,0
4,1,1403.0035361873,5.4881508722528,0,0
