var_num,feature_volumes,feature_diameters,intersects_bounds,percolated
0,20128.10333811,160.08715479575,1,0
1,19448.769074751,157.36245385223,1,0
2,22114.991838158,167.80250933713,1,0
