stat_type,var_num,feature_volumes,feature_diameters,intersects_bounds,percolated
3,1,20616.649054473,161.96287956788,1,0
4,1,1329.9852075558,5.1901586913353,0,0
