var_num,feature_volumes,feature_diameters,intersects_bounds,percolated
0,20144.251013675,160.15135650279,1,0
1,19398.70998855,157.15980616643,1,0
2,22108.765315353,167.77888509814,1,0
