var_num,feature_volumes,feature_diameters,intersects_bounds,percolated
0,20127.500482562,160.08475739768,1,0
1,19451.591225087,157.37387062598,1,0
2,22114.217621409,167.79957203896,1,0
