var_num,feature_volumes,feature_diameters,intersects_bounds,percolated
0,20126.752981469,160.08178473244,1,0
1,19453.926249634,157.3833161469,1,0
2,22114.114489186,167.7991807621,1,0
