stat_type,var_num,feature_volumes,feature_diameters,intersects_bounds,percolated
3,1,20627.793318528,162.00753446226,1,0
4,1,1320.1172899246,5.1498958095793,0,0
