stat_type,var_num,feature_volumes,feature_diameters,intersects_bounds,percolated
3,1,20554.376961937,161.71217192504,1,0
4,1,1394.4242606065,5.452387085206,0,0
