var_num,feature_volumes,feature_diameters,intersects_bounds,percolated
0,20156.754199094,160.20105037044,1,0
1,19577.646840208,157.88297612413,1,0
2,22115.546124116,167.80461220908,1,0
