var_num,feature_volumes,feature_diameters,intersects_bounds,percolated
0,20149.635561967,160.17275926167,1,0
1,19386.928507706,157.11207473318,1,0
2,22107.852157189,167.77542017736,1,0
