stat_type,var_num,feature_volumes,feature_diameters,intersects_bounds,percolated
3,1,20547.982832919,161.68616381472,1,0
4,1,1403.2648776191,5.4893631177747,0,0
