var_num,feature_volumes,feature_diameters,intersects_bounds,percolated
0,20143.653309194,160.14898054218,1,0
1,19396.158612188,157.14947076269,1,0
2,22108.902700325,167.77940639052,1,0
