var_num,feature_volumes,feature_diameters,intersects_bounds,percolated
0,20133.232329768,160.10754999562,1,0
1,19431.581909202,157.29290671723,1,0
2,22111.254997065,167.78833167413,1,0
