stat_type,var_num,feature_volumes,feature_diameters,intersects_bounds,percolated
3,1,20559.957962586,161.73465922925,1,0
4,1,1388.867704751,5.4292983046924,0,0
