var_num,feature_volumes,feature_diameters,intersects_bounds,percolated
0,20148.401791208,160.16785546351,1,0
1,19540.841896116,157.73450047327,1,0
2,22114.30385407,167.79989919929,1,0
