var_num,feature_volumes,feature_diameters,intersects_bounds,percolated
0,20131.179458745,160.09938716009,1,0
1,19436.04035609,157.31095058655,1,0
2,22112.654072922,167.79363994113,1,0
