var_num,feature_volumes,feature_diameters,intersects_bounds,percolated
0,20227.461035609,160.48178488578,1,0
1,20028.427836173,159.69028254684,1,0
2,22218.290838628,168.19395504051,1,0
