var_num,feature_volumes,feature_diameters,intersects_bounds,percolated
0,20151.680181318,160.18088556289,1,0
1,19554.496962383,157.7896029842,1,0
2,22114.780260675,167.80170663918,1,0
