var_num,feature_volumes,feature_diameters,intersects_bounds,percolated
0,20138.662274016,160.12913908887,1,0
1,19516.972433113,157.63813337941,1,0
2,22116.496709583,167.80821851639,1,0
