var_num,feature_volumes,feature_diameters,intersects_bounds,percolated
0,20134.402112077,160.11220121745,1,0
1,19418.208800509,157.23877172228,1,0
2,22110.519973224,167.78554283539,1,0
