var_num,feature_volumes,feature_diameters,intersects_bounds,percolated
0,20147.138275774,160.16283328526,1,0
1,19536.853246167,157.71840137634,1,0
2,22116.434022049,167.80798069639,1,0
