var_num,feature_volumes,feature_diameters,intersects_bounds,percolated
0,20126.370253884,160.08026267853,1,0
1,19469.574785296,157.44660217298,1,0
2,22113.645013878,167.7973995922,1,0
