var_num,feature_volumes,feature_diameters,intersects_bounds,percolated
0,20136.074021452,160.11884873377,1,0
1,19506.203876706,157.59463868891,1,0
2,22116.488074042,167.80818575544,1,0
