var_num,feature_volumes,feature_diameters,intersects_bounds,percolated
0,20141.404970506,160.14004275937,1,0
1,19403.209847762,157.17803304841,1,0
2,22109.161696583,167.78038911933,1,0
