var_num,feature_volumes,feature_diameters,intersects_bounds,percolated
0,20143.841518302,160.14972870405,1,0
1,19394.835330644,157.14410999653,1,0
2,22109.311911024,167.78095908654,1,0
