var_num,feature_volumes,feature_diameters,intersects_bounds,percolated
0,20175.979870892,160.27743267659,1,0
1,19778.055058965,158.68900976131,1,0
2,22134.827161614,167.87774497546,1,0
