var_num,feature_volumes,feature_diameters,intersects_bounds,percolated
0,20217.165689934,160.4409387871,1,0
1,20000.029526917,159.57702995588,1,0
2,22194.940307049,168.10554925989,1,0
