var_num,feature_volumes,feature_diameters,intersects_bounds,percolated
0,20130.07056842,160.09497770393,1,0
1,19442.827117361,157.33841345098,1,0
2,22115.027685435,167.80264533674,1,0
