stat_type,var_num,feature_volumes,feature_diameters,intersects_bounds,percolated
3,1,20567.306860064,161.76438324059,1,0
4,1,1380.1640139956,5.3934318010322,0,0
