var_num,feature_volumes,feature_diameters,intersects_bounds,percolated
0,20225.560732818,160.47424634335,1,0
1,20025.804044343,159.67982222052,1,0
2,22206.550128171,168.14951018463,1,0
