stat_type,var_num,feature_volumes,feature_diameters,intersects_bounds,percolated
3,1,20640.529626601,162.05863776294,1,0
4,1,1307.7027317143,5.0994810450856,0,0
