var_num,feature_volumes,feature_diameters,intersects_bounds,percolated
0,20140.143826956,160.13502913833,1,0
1,19405.421334295,157.1869899994,1,0
2,22107.445408327,167.77387677155,1,0
