var_num,feature_volumes,feature_diameters,intersects_bounds,percolated
0,20150.505886614,160.17621840104,1,0
1,19385.67596426,157.10699933204,1,0
2,22107.640301877,167.77461629559,1,0
