var_num,feature_volumes,feature_diameters,intersects_bounds,percolated
0,20127.597763698,160.08514426162,1,0
1,19481.536381574,157.49496027879,1,0
2,22115.164776482,167.8031654402,1,0
