var_num,feature_volumes,feature_diameters,intersects_bounds,percolated
0,20147.968437884,160.16613300317,1,0
1,19388.189436479,157.1171839467,1,0
2,22106.872490851,167.77170281597,1,0
