var_num,feature_volumes,feature_diameters,intersects_bounds,percolated
0,20126.54990691,160.08097713521,1,0
1,19477.236987677,157.47758048335,1,0
2,22114.290518389,167.79984860474,1,0
