stat_type,var_num,feature_volumes,feature_diameters,intersects_bounds,percolated
3,1,20828.350936355,162.80315863147,1,0
4,1,1206.8633773832,4.6816028351989,0,0
