stat_type,var_num,feature_volumes,feature_diameters,intersects_bounds,percolated
3,1,20553.104124286,161.70710777356,1,0
4,1,1394.9452078541,5.4547548446048,0,0
