var_num,feature_volumes,feature_diameters,intersects_bounds,percolated
0,20133.881103151,160.1101296281,1,0
1,19436.250564485,157.31180127404,1,0
2,22112.659946866,167.79366222725,1,0
