var_num,feature_volumes,feature_diameters,intersects_bounds,percolated
0,20202.559249484,160.38297085819,1,0
1,19939.855994942,159.33679163672,1,0
2,22167.539515981,168.00174975644,1,0
