var_num,feature_volumes,feature_diameters,intersects_bounds,percolated
0,20126.937110956,160.08251698442,1,0
1,19458.656917485,157.40245066318,1,0
2,22114.97768068,167.80245562559,1,0
