var_num,feature_volumes,feature_diameters,intersects_bounds,percolated
0,20133.520497151,160.10869580291,1,0
1,19422.296867313,157.25532239339,1,0
2,22110.865768646,167.78685486346,1,0
