stat_type,var_num,feature_volumes,feature_diameters,intersects_bounds,percolated
3,1,20561.558999411,161.74100475289,1,0
4,1,1388.4814140178,5.4273475541214,0,0
