var_num,feature_volumes,feature_diameters,intersects_bounds,percolated
0,20143.853006529,160.14977437151,1,0
1,19397.437591523,157.1546518817,1,0
2,22108.446106795,167.77767388964,1,0
