stat_type,var_num,feature_volumes,feature_diameters,intersects_bounds,percolated
3,1,20819.829356913,162.76959887193,1,0
4,1,1209.7680518872,4.693783377639,0,0
