var_num,feature_volumes,feature_diameters,intersects_bounds,percolated
0,20126.301077796,160.07998757339,1,0
1,19472.967607881,157.46032011812,1,0
2,22113.522508848,167.79693481007,1,0
