stat_type,var_num,feature_volumes,feature_diameters,intersects_bounds,percolated
3,1,20549.329586657,161.69159926238,1,0
4,1,1401.931241731,5.4834900615283,0,0
