stat_type,var_num,feature_volumes,feature_diameters,intersects_bounds,percolated
3,1,20650.247183667,162.09750265102,1,0
4,1,1299.5725977087,5.0662052521581,0,0
