var_num,feature_volumes,feature_diameters,intersects_bounds,percolated
0,20129.534986374,160.09284794075,1,0
1,19440.448320387,157.32878811234,1,0
2,22114.693691472,167.80137820557,1,0
