var_num,feature_volumes,feature_diameters,intersects_bounds,percolated
0,20138.089234366,160.12686085913,1,0
1,19406.749059523,157.19236729987,1,0
2,22107.712267837,167.77488936976,1,0
