var_num,feature_volumes,feature_diameters,intersects_bounds,percolated
0,20143.545526283,160.14855208598,1,0
1,19396.898874864,157.15246957241,1,0
2,22109.410899607,167.78133468351,1,0
