var_num,feature_volumes,feature_diameters,intersects_bounds,percolated
0,20137.733109998,160.12544500164,1,0
1,19512.514273721,157.62012812617,1,0
2,22115.697466716,167.80518637403,1,0
