stat_type,var_num,feature_volumes,feature_diameters,intersects_bounds,percolated
3,1,20606.985801459,161.92406506209,1,0
4,1,1339.4924589845,5.2287246030306,0,0
