var_num,feature_volumes,feature_diameters,intersects_bounds,percolated
0,20184.790214406,160.31242342116,1,0
1,19836.616432487,158.92376938515,1,0
2,22143.660796777,167.91124021833,1,0
