var_num,feature_volumes,feature_diameters,intersects_bounds,percolated
0,20147.582311178,160.16459824005,1,0
1,19389.53359805,157.12263023196,1,0
2,22108.275539934,167.77702668526,1,0
