stat_type,var_num,feature_volumes,feature_diameters,intersects_bounds,percolated
3,1,20590.710472237,161.85849699489,1,0
4,1,1357.4396104891,5.3010062251138,0,0
