stat_type,var_num,feature_volumes,feature_diameters,intersects_bounds,percolated
3,1,20712.836959127,162.34721598861,1,0
4,1,1250.5479589837,4.8658854425377,0,0
