stat_type,var_num,feature_volumes,feature_diameters,intersects_bounds,percolated
3,1,20769.984920136,162.57383741712,1,0
4,1,1217.4244889366,4.7297248348497,0,0
