var_num,feature_volumes,feature_diameters,intersects_bounds,percolated
0,20142.937287782,160.14613420849,1,0
1,19397.76790212,157.15598993539,1,0
2,22108.548548002,167.77806259465,1,0
