stat_type,var_num,feature_volumes,feature_diameters,intersects_bounds,percolated
3,1,20547.676788405,161.68500658861,1,0
4,1,1402.7239434899,5.4872512071445,0,0
