var_num,feature_volumes,feature_diameters,intersects_bounds,percolated
0,20142.490339248,160.14435746968,1,0
1,19394.281908405,157.14186796498,1,0
2,22110.491588551,167.7854351369,1,0
