stat_type,var_num,feature_volumes,feature_diameters,intersects_bounds,percolated
3,1,20551.258838284,161.69948830904,1,0
4,1,1398.7598066623,5.4705019313078,0,0
