stat_type,var_num,feature_volumes,feature_diameters,intersects_bounds,percolated
3,1,20744.918320311,162.47463206842,1,0
4,1,1230.0610783719,4.781886440413,0,0
