var_num,feature_volumes,feature_diameters,intersects_bounds,percolated
0,20204.440609893,160.39043850482,1,0
1,19975.745301119,159.48012055721,1,0
2,22184.748358622,168.06694767323,1,0
