stat_type,var_num,feature_volumes,feature_diameters,intersects_bounds,percolated
3,1,20566.857236374,161.7624744244,1,0
4,1,1381.7225795383,5.3996961539151,0,0
