stat_type,var_num,feature_volumes,feature_diameters,intersects_bounds,percolated
3,1,20549.667342674,161.69299083781,1,0
4,1,1401.224232251,5.4807580365737,0,0
