var_num,feature_volumes,feature_diameters,intersects_bounds,percolated
0,20132.101065829,160.10305179983,1,0
1,19498.835847709,157.56487196581,1,0
2,22116.560116461,167.80845906506,1,0
