var_num,feature_volumes,feature_diameters,intersects_bounds,percolated
0,20167.150694886,160.24235947265,1,0
1,19661.40838586,158.22036108562,1,0
2,22122.182470257,167.82978739478,1,0
