var_num,feature_volumes,feature_diameters,intersects_bounds,percolated
0,20220.137164433,160.45272898186,1,0
1,20020.968155314,159.66054108398,1,0
2,22210.651346466,168.16503681992,1,0
