stat_type,var_num,feature_volumes,feature_diameters,intersects_bounds,percolated
3,1,20635.414863698,162.03810339079,1,0
4,1,1312.8816768666,5.1204408001107,0,0
