stat_type,var_num,feature_volumes,feature_diameters,intersects_bounds,percolated
3,1,20557.670909518,161.72546289871,1,0
4,1,1390.9188505409,5.4379499602723,0,0
