var_num,feature_volumes,feature_diameters,intersects_bounds,percolated
0,20128.518586568,160.08880610884,1,0
1,19486.30703757,157.51424285151,1,0
2,22114.498968395,167.80063944623,1,0
