stat_type,var_num,feature_volumes,feature_diameters,intersects_bounds,percolated
3,1,20588.648283479,161.85025316728,1,0
4,1,1358.9091413077,5.3070778479556,0,0
