var_num,feature_volumes,feature_diameters,intersects_bounds,percolated
0,20145.166997267,160.15499759987,1,0
1,19394.539095238,157.14290988769,1,0
2,22109.619634546,167.78212669339,1,0
