stat_type,var_num,feature_volumes,feature_diameters,intersects_bounds,percolated
3,1,20824.726570137,162.78867415771,1,0
4,1,1210.9581253835,4.6978096017823,0,0
