var_num,feature_volumes,feature_diameters,intersects_bounds,percolated
0,20143.641557914,160.14893382882,1,0
1,19525.424784513,157.67226440752,1,0
2,22116.029704409,167.80644681356,1,0
