stat_type,var_num,feature_volumes,feature_diameters,intersects_bounds,percolated
3,1,20570.930398175,161.77908083386,1,0
4,1,1375.2832328871,5.373694190528,0,0
