var_num,feature_volumes,feature_diameters,intersects_bounds,percolated
0,20133.548899801,160.1088087367,1,0
1,19428.185925807,157.27916137621,1,0
2,22111.277902945,167.78841858322,1,0
