stat_type,var_num,feature_volumes,feature_diameters,intersects_bounds,percolated
3,1,20687.056187845,162.24461670483,1,0
4,1,1268.4249504553,4.9389805867672,0,0
