var_num,feature_volumes,feature_diameters,intersects_bounds,percolated
0,20145.202034805,160.15513687482,1,0
1,19395.163025013,157.14543754125,1,0
2,22108.636968205,167.77839809735,1,0
