stat_type,var_num,feature_volumes,feature_diameters,intersects_bounds,percolated
3,1,20556.913966921,161.72238096726,1,0
4,1,1392.0412152961,5.442509717495,0,0
