stat_type,var_num,feature_volumes,feature_diameters,intersects_bounds,percolated
3,1,20559.821515346,161.73411782138,1,0
4,1,1388.8785545674,5.4294914919943,0,0
