var_num,feature_volumes,feature_diameters,intersects_bounds,percolated
0,20146.60131949,160.16069896198,1,0
1,19393.179237893,157.13740071613,1,0
2,22107.906099217,167.77562485896,1,0
