var_num,feature_volumes,feature_diameters,intersects_bounds,percolated
0,20135.356263744,160.11599496093,1,0
1,19414.763455217,157.22482177716,1,0
2,22109.192653897,167.78050658259,1,0
