stat_type,var_num,feature_volumes,feature_diameters,intersects_bounds,percolated
3,1,20773.159821208,162.58600564671,1,0
4,1,1221.1084660434,4.7433091793352,0,0
