var_num,feature_volumes,feature_diameters,intersects_bounds,percolated
0,20128.668646865,160.08940284747,1,0
1,19444.385938755,157.3447205988,1,0
2,22115.189847798,167.80326055694,1,0
