var_num,feature_volumes,feature_diameters,intersects_bounds,percolated
0,20163.000054937,160.2258687305,1,0
1,19624.114158366,158.07023178584,1,0
2,22119.130377791,167.81820965603,1,0
