stat_type,var_num,feature_volumes,feature_diameters,intersects_bounds,percolated
3,1,20619.493190589,161.97428071704,1,0
4,1,1327.4591498679,5.1797454839761,0,0
