stat_type,var_num,feature_volumes,feature_diameters,intersects_bounds,percolated
3,1,20596.873806334,161.88341962727,1,0
4,1,1349.5852729597,5.2696315703694,0,0
