stat_type,var_num,feature_volumes,feature_diameters,intersects_bounds,percolated
3,1,20551.649390978,161.70101118073,1,0
4,1,1398.9505074475,5.471155808729,0,0
