var_num,feature_volumes,feature_diameters,intersects_bounds,percolated
0,20141.971771338,160.14229600017,1,0
1,19400.405679432,157.16667488675,1,0
2,22109.137378345,167.78029684707,1,0
