var_num,feature_volumes,feature_diameters,intersects_bounds,percolated
0,20213.73728341,160.42733450421,1,0
1,20012.820381894,159.62804989071,1,0
2,22201.801278539,168.13152991687,1,0
