var_num,feature_volumes,feature_diameters,intersects_bounds,percolated
0,20156.125243247,160.1985509558,1,0
1,19585.825275021,157.91594997476,1,0
2,22116.529053499,167.80834122057,1,0
