stat_type,var_num,feature_volumes,feature_diameters,intersects_bounds,percolated
3,1,20721.68914789,162.38247767488,1,0
4,1,1243.7076719564,4.8381299542616,0,0
