var_num,feature_volumes,feature_diameters,intersects_bounds,percolated
0,20140.253414469,160.13546480492,1,0
1,19521.519518318,157.65649566079,1,0
2,22114.749277274,167.80158909178,1,0
