var_num,feature_volumes,feature_diameters,intersects_bounds,percolated
0,20163.958503012,160.22967685305,1,0
1,19711.872129778,158.42327826552,1,0
2,22127.264973623,167.84906547625,1,0
