var_num,feature_volumes,feature_diameters,intersects_bounds,percolated
0,20125.697179366,160.0775859205,1,0
1,19456.092063657,157.39207667941,1,0
2,22114.06011096,167.79897445433,1,0
