stat_type,var_num,feature_volumes,feature_diameters,intersects_bounds,percolated
3,1,20553.528813829,161.70886641808,1,0
4,1,1393.9861262044,5.4508978253256,0,0
