var_num,feature_volumes,feature_diameters,intersects_bounds,percolated
0,20180.718251486,160.29625235467,1,0
1,19816.352783245,158.84257614396,1,0
2,22141.439842649,167.9028194672,1,0
