var_num,feature_volumes,feature_diameters,intersects_bounds,percolated
0,20149.862605166,160.17366166096,1,0
1,19386.525856636,157.11044317836,1,0
2,22107.163355455,167.7728065155,1,0
