stat_type,var_num,feature_volumes,feature_diameters,intersects_bounds,percolated
3,1,20704.429896759,162.31385708747,1,0
4,1,1255.2299067971,4.8852880883427,0,0
