var_num,feature_volumes,feature_diameters,intersects_bounds,percolated
0,20130.256133032,160.09571560234,1,0
1,19490.66524815,157.53185629307,1,0
2,22115.203264796,167.80331145896,1,0
