stat_type,var_num,feature_volumes,feature_diameters,intersects_bounds,percolated
3,1,20547.93664378,161.68602696735,1,0
4,1,1402.7841930039,5.4873738373156,0,0
