var_num,feature_volumes,feature_diameters,intersects_bounds,percolated
0,20153.648373156,160.18870771496,1,0
1,19560.546647601,157.8140092272,1,0
2,22115.513610314,167.80448885766,1,0
