var_num,feature_volumes,feature_diameters,intersects_bounds,percolated
0,20132.890736829,160.10619174774,1,0
1,19434.525827301,157.304821339,1,0
2,22112.047981908,167.79134037741,1,0
