var_num,feature_volumes,feature_diameters,intersects_bounds,percolated
0,20136.406266568,160.1201697084,1,0
1,19509.160835602,157.60658317624,1,0
2,22115.368333347,167.80393770231,1,0
