stat_type,var_num,feature_volumes,feature_diameters,intersects_bounds,percolated
3,1,20569.86335102,161.77475481457,1,0
4,1,1376.6958410713,5.3794265031465,0,0
