stat_type,var_num,feature_volumes,feature_diameters,intersects_bounds,percolated
3,1,20549.951766918,161.69411878063,1,0
4,1,1401.1798226547,5.4803992275379,0,0
