stat_type,var_num,feature_volumes,feature_diameters,intersects_bounds,percolated
3,1,20551.003523193,161.69863196976,1,0
4,1,1397.0818843779,5.463898172774,0,0
