var_num,feature_volumes,feature_diameters,intersects_bounds,percolated
0,20140.474519634,160.1363438078,1,0
1,19404.363388928,157.18270517838,1,0
2,22107.588000988,167.77441784006,1,0
