stat_type,var_num,feature_volumes,feature_diameters,intersects_bounds,percolated
3,1,20817.252222071,162.75943562859,1,0
4,1,1210.8211731906,4.6981148981491,0,0
