var_num,feature_volumes,feature_diameters,intersects_bounds,percolated
0,20147.20354368,160.16309271378,1,0
1,19389.125784878,157.12097787104,1,0
2,22107.480602782,167.77401031723,1,0
