stat_type,var_num,feature_volumes,feature_diameters,intersects_bounds,percolated
3,1,20580.63122935,161.81801984611,1,0
4,1,1366.7549912667,5.3388186761374,0,0
