var_num,feature_volumes,feature_diameters,intersects_bounds,percolated
0,20167.134657333,160.24229575775,1,0
1,19740.030103274,158.53638996064,1,0
2,22129.424050208,167.8572542458,1,0
