stat_type,var_num,feature_volumes,feature_diameters,intersects_bounds,percolated
3,1,20672.475644469,162.18642895311,1,0
4,1,1280.0602221364,4.9863425798013,0,0
