stat_type,var_num,feature_volumes,feature_diameters,intersects_bounds,percolated
3,1,20564.436443019,161.75273335421,1,0
4,1,1384.0446548986,5.4092901874257,0,0
