var_num,feature_volumes,feature_diameters,intersects_bounds,percolated
0,20154.313944952,160.19135279946,1,0
1,19568.779981896,157.84721890224,1,0
2,22115.167576967,167.80317606482,1,0
