var_num,feature_volumes,feature_diameters,intersects_bounds,percolated
0,20182.663828617,160.30397906693,1,0
1,19866.183973715,159.04216748497,1,0
2,22151.982597563,167.94278858439,1,0
