var_num,feature_volumes,feature_diameters,intersects_bounds,percolated
0,20139.965535248,160.13432033478,1,0
1,19405.759275497,157.18835868211,1,0
2,22106.898134854,167.77180012365,1,0
