var_num,feature_volumes,feature_diameters,intersects_bounds,percolated
0,20165.286809571,160.23495435414,1,0
1,19636.903826387,158.12173312963,1,0
2,22119.398243846,167.81922580506,1,0
