stat_type,var_num,feature_volumes,feature_diameters,intersects_bounds,percolated
3,1,20549.77524235,161.69334472698,1,0
4,1,1402.0329731229,5.4838961945239,0,0
