stat_type,var_num,feature_volumes,feature_diameters,intersects_bounds,percolated
3,1,20623.405814863,161.9899263342,1,0
4,1,1324.3744522386,5.1671457562162,0,0
