stat_type,var_num,feature_volumes,feature_diameters,intersects_bounds,percolated
3,1,20549.912234949,161.69403338095,1,0
4,1,1400.3766868981,5.4772895725383,0,0
