stat_type,var_num,feature_volumes,feature_diameters,intersects_bounds,percolated
3,1,20809.452981281,162.72897143726,1,0
4,1,1209.9864610759,4.6957898768524,0,0
