var_num,feature_volumes,feature_diameters,intersects_bounds,percolated
0,20185.209498654,160.31408844032,1,0
1,19850.272594015,158.9784640776,1,0
2,22147.704804754,167.92657199661,1,0
