stat_type,var_num,feature_volumes,feature_diameters,intersects_bounds,percolated
3,1,20547.850605753,161.68563711827,1,0
4,1,1403.3042921809,5.4896311643795,0,0
