var_num,feature_volumes,feature_diameters,intersects_bounds,percolated
0,20131.118061424,160.09914301937,1,0
1,19495.245592008,157.55036535048,1,0
2,22115.530034619,167.80455116848,1,0
