stat_type,var_num,feature_volumes,feature_diameters,intersects_bounds,percolated
3,1,20550.808636517,161.69782227541,1,0
4,1,1397.5465614498,5.4657804136733,0,0
