stat_type,var_num,feature_volumes,feature_diameters,intersects_bounds,percolated
3,1,20549.832703514,161.69364556737,1,0
4,1,1401.2018983612,5.4805956252747,0,0
