stat_type,var_num,feature_volumes,feature_diameters,intersects_bounds,percolated
3,1,20552.821895072,161.70594295922,1,0
4,1,1395.5193429578,5.4571427102491,0,0
