var_num,feature_volumes,feature_diameters,intersects_bounds,percolated
0,20166.813314542,160.24101910362,1,0
1,19698.427572702,158.36924245151,1,0
2,22125.20008136,167.84123354755,1,0
