stat_type,var_num,feature_volumes,feature_diameters,intersects_bounds,percolated
3,1,20667.698535471,162.16734019828,1,0
4,1,1284.0740487802,5.0027263132239,0,0
