stat_type,var_num,feature_volumes,feature_diameters,intersects_bounds,percolated
3,1,20548.138742287,161.68675139074,1,0
4,1,1403.5526228549,5.4905248511097,0,0
