var_num,feature_volumes,feature_diameters,intersects_bounds,percolated
0,20140.318247907,160.13572255055,1,0
1,19405.09539242,157.18566990342,1,0
2,22107.386840708,167.77365453595,1,0
