stat_type,var_num,feature_volumes,feature_diameters,intersects_bounds,percolated
3,1,20551.802298143,161.70183058622,1,0
4,1,1396.5452383263,5.461508945225,0,0
