stat_type,var_num,feature_volumes,feature_diameters,intersects_bounds,percolated
3,1,20562.748144473,161.74579466774,1,0
4,1,1387.3057117382,5.4224523889746,0,0
