var_num,feature_volumes,feature_diameters,intersects_bounds,percolated
0,20194.959030815,160.35279992049,1,0
1,19948.541773379,159.37149132034,1,0
2,22175.97865943,168.0337256993,1,0
