stat_type,var_num,feature_volumes,feature_diameters,intersects_bounds,percolated
3,1,20631.701538656,162.02318556842,1,0
4,1,1316.7159339031,5.1359924725362,0,0
