stat_type,var_num,feature_volumes,feature_diameters,intersects_bounds,percolated
3,1,20547.940717584,161.68594467622,1,0
4,1,1403.8298677066,5.491718127299,0,0
