stat_type,var_num,feature_volumes,feature_diameters,intersects_bounds,percolated
3,1,20560.919299477,161.73846564093,1,0
4,1,1388.6671113449,5.4282953567434,0,0
