var_num,feature_volumes,feature_diameters,intersects_bounds,percolated
0,20125.684210796,160.0775343452,1,0
1,19462.003641278,157.41598602383,1,0
2,22114.232728117,167.79962935274,1,0
