var_num,feature_volumes,feature_diameters,intersects_bounds,percolated
0,20138.459251591,160.12833193774,1,0
1,19408.585215981,157.19980344883,1,0
2,22108.362426858,167.77735637211,1,0
