var_num,feature_volumes,feature_diameters,intersects_bounds,percolated
0,20168.593487069,160.24809137529,1,0
1,19685.381486377,158.31679052347,1,0
2,22122.195988612,167.82983867323,1,0
