stat_type,var_num,feature_volumes,feature_diameters,intersects_bounds,percolated
3,1,20733.610133298,162.42964504543,1,0
4,1,1238.4971579209,4.8160259424123,0,0
