stat_type,var_num,feature_volumes,feature_diameters,intersects_bounds,percolated
3,1,20550.575439193,161.69668258912,1,0
4,1,1399.9730792631,5.475603516901,0,0
