stat_type,var_num,feature_volumes,feature_diameters,intersects_bounds,percolated
3,1,20550.933493679,161.69834899664,1,0
4,1,1397.157266709,5.4642205027039,0,0
