stat_type,var_num,feature_volumes,feature_diameters,intersects_bounds,percolated
3,1,20696.287363824,162.28139580445,1,0
4,1,1261.5996200681,4.911223358014,0,0
