var_num,feature_volumes,feature_diameters,intersects_bounds,percolated
0,20148.744602758,160.16921803206,1,0
1,19387.598659973,157.11479017372,1,0
2,22107.605236026,167.77448323837,1,0
