stat_type,var_num,feature_volumes,feature_diameters,intersects_bounds,percolated
3,7.5,385230.46320044,700.32766756622,0.5,0
4,4.7609522856952,6409.1734005773,5.8257016466308,0.51639777949432,0
