stat_type,var_num,feature_volumes,feature_diameters,intersects_bounds,percolated
3,7.5,385225.23848119,700.25778205786,0.4375,0
4,4.7609522856952,12664.275906161,11.456395323629,0.51234753829798,0
