stat_type,var_num,feature_volumes,feature_diameters,intersects_bounds,percolated
3,7.5,385234.03202146,700.3338127273,0.5,0
4,4.7609522856952,5985.1417387676,5.4410095472699,0.51639777949432,0
