stat_type,var_num,feature_volumes,feature_diameters,intersects_bounds,percolated
3,7.5,385239.11074747,700.32084849411,0.5,0
4,4.7609522856952,8235.2179917681,7.4746966424365,0.51639777949432,0
