stat_type,var_num,feature_volumes,feature_diameters,intersects_bounds,percolated
3,7.5,388951.33656562,703.71906920719,0.5,0
4,4.7609522856952,3167.2439375625,2.8648354685106,0.51639777949432,0
