stat_type,var_num,feature_volumes,feature_diameters,intersects_bounds,percolated
3,7.5,385227.73034517,700.27994360411,0.4375,0
4,4.7609522856952,11130.755166187,10.076009256335,0.51234753829798,0
