stat_type,var_num,feature_volumes,feature_diameters,intersects_bounds,percolated
3,7.5,385256.97084647,700.36952224577,0.5,0
4,4.7609522856952,2994.4620129175,2.7212694760111,0.51639777949432,0
