stat_type,var_num,feature_volumes,feature_diameters,intersects_bounds,percolated
3,7.5,385248.60047544,700.35632546403,0.5,0
4,4.7609522856952,4366.2400021185,3.9692231631338,0.51639777949432,0
