stat_type,var_num,feature_volumes,feature_diameters,intersects_bounds,percolated
3,7.5,385111.8014426,700.23776712216,0.5,0
4,4.7609522856952,2929.1927604062,2.662176893004,0.51639777949432,0
