stat_type,var_num,feature_volumes,feature_diameters,intersects_bounds,percolated
3,7.5,385230.31678445,700.28495250941,0.4375,0
4,4.7609522856952,10909.124516212,9.8770278770858,0.51234753829798,0
