stat_type,var_num,feature_volumes,feature_diameters,intersects_bounds,percolated
3,7.5,385249.32021359,700.35593504043,0.5,0
4,4.7609522856952,4577.5408068815,4.161196229259,0.51639777949432,0
