stat_type,var_num,feature_volumes,feature_diameters,intersects_bounds,percolated
3,7.5,385232.7574525,700.32586671374,0.5,0
4,4.7609522856952,6938.4421711238,6.3043796451735,0.51639777949432,0
