stat_type,var_num,feature_volumes,feature_diameters,intersects_bounds,percolated
3,7.5,385243.4044151,700.32670017346,0.5,0
4,4.7609522856952,8016.669841321,7.277352915597,0.51639777949432,0
