stat_type,var_num,feature_volumes,feature_diameters,intersects_bounds,percolated
3,7.5,385229.32760906,700.30245385838,0.5,0
4,4.7609522856952,9229.4870042234,8.3705403105022,0.51639777949432,0
