stat_type,var_num,feature_volumes,feature_diameters,intersects_bounds,percolated
3,7.5,385284.82968762,700.39464591858,0.5,0
4,4.7609522856952,3053.9168029934,2.7753415955144,0.51639777949432,0
