stat_type,var_num,feature_volumes,feature_diameters,intersects_bounds,percolated
3,7.5,385256.40684772,700.36572668133,0.5,0
4,4.7609522856952,3859.6795761526,3.508610546855,0.51639777949432,0
