stat_type,var_num,feature_volumes,feature_diameters,intersects_bounds,percolated
3,7.5,385234.63597197,700.31302508464,0.5,0
4,4.7609522856952,8641.4439907447,7.8410487715902,0.51639777949432,0
