stat_type,var_num,feature_volumes,feature_diameters,intersects_bounds,percolated
3,7.5,385228.86760533,700.27345863187,0.4375,0
4,4.7609522856952,11733.599471485,10.618783077438,0.51234753829798,0
