stat_type,var_num,feature_volumes,feature_diameters,intersects_bounds,percolated
3,7.5,385227.06691286,700.25772983902,0.4375,0
4,4.7609522856952,12788.316799768,11.567637453923,0.51234753829798,0
