stat_type,var_num,feature_volumes,feature_diameters,intersects_bounds,percolated
3,7.5,385235.31515246,700.33728169951,0.5,0
4,4.7609522856952,5626.5307095851,5.115116667893,0.51639777949432,0
