stat_type,var_num,feature_volumes,feature_diameters,intersects_bounds,percolated
3,7.5,385236.9118896,700.35139328358,0.5,0
4,4.7609522856952,2962.8825500101,2.6924556788694,0.51639777949432,0
