stat_type,var_num,feature_volumes,feature_diameters,intersects_bounds,percolated
3,7.5,385225.13618865,700.28864488944,0.4375,0
4,4.7609522856952,10176.207967821,9.2197388422413,0.51234753829798,0
