stat_type,var_num,feature_volumes,feature_diameters,intersects_bounds,percolated
3,7.5,385228.79174432,700.26476492977,0.4375,0
4,4.7609522856952,12388.909691083,11.209063821562,0.51234753829798,0
