stat_type,var_num,feature_volumes,feature_diameters,intersects_bounds,percolated
3,7.5,387521.66340297,702.4248605365,0.5,0
4,4.7609522856952,3062.909188149,2.7754325066333,0.51639777949432,0
