stat_type,var_num,feature_volumes,feature_diameters,intersects_bounds,percolated
3,7.5,385224.81410303,700.27227930881,0.4375,0
4,4.7609522856952,11536.440164444,10.441034986925,0.51234753829798,0
