stat_type,var_num,feature_volumes,feature_diameters,intersects_bounds,percolated
3,7.5,385276.36762918,700.38675026143,0.5,0
4,4.7609522856952,3113.6474371932,2.8297421574893,0.51639777949432,0
