stat_type,var_num,feature_volumes,feature_diameters,intersects_bounds,percolated
3,7.5,385238.55696918,700.31845924955,0.5,0
4,4.7609522856952,8441.7165011493,7.6608458508389,0.51639777949432,0
