stat_type,var_num,feature_volumes,feature_diameters,intersects_bounds,percolated
3,7.5,385270.20694926,700.3809105336,0.5,0
4,4.7609522856952,3182.4594187117,2.8923911628909,0.51639777949432,0
