stat_type,var_num,feature_volumes,feature_diameters,intersects_bounds,percolated
3,7.5,385276.49921703,700.38587395156,0.5,0
4,4.7609522856952,3390.2269657424,3.081476592268,0.51639777949432,0
