stat_type,var_num,feature_volumes,feature_diameters,intersects_bounds,percolated
3,7.5,384795.58236417,699.95020500149,0.5,0
4,4.7609522856952,2931.9326813211,2.6658579768231,0.51639777949432,0
