stat_type,var_num,feature_volumes,feature_diameters,intersects_bounds,percolated
3,7.5,385226.42605137,700.29262970923,0.4375,0
4,4.7609522856952,9918.6900285612,8.9890066507271,0.51234753829798,0
