stat_type,var_num,feature_volumes,feature_diameters,intersects_bounds,percolated
3,7.5,385228.97424394,700.26904597928,0.4375,0
4,4.7609522856952,12080.179789485,10.931399589187,0.51234753829798,0
