stat_type,var_num,feature_volumes,feature_diameters,intersects_bounds,percolated
3,7.5,385226.09350102,700.29501600871,0.4375,0
4,4.7609522856952,9666.1403421012,8.762737027967,0.51234753829798,0
