stat_type,var_num,feature_volumes,feature_diameters,intersects_bounds,percolated
3,7.5,390422.25967629,705.04838313495,0.5,0
4,4.7609522856952,3202.32019248,2.8913855516818,0.51639777949432,0
