stat_type,var_num,feature_volumes,feature_diameters,intersects_bounds,percolated
3,7.5,385227.51475588,700.2771315896,0.4375,0
4,4.7609522856952,11344.500255403,10.268111407468,0.51234753829798,0
