stat_type,var_num,feature_volumes,feature_diameters,intersects_bounds,percolated
3,7.5,385268.17273798,700.37732326771,0.5,0
4,4.7609522856952,3642.5544682176,3.3110578704685,0.51639777949432,0
