stat_type,var_num,feature_volumes,feature_diameters,intersects_bounds,percolated
3,7.5,385263.97245017,700.3739756796,0.5,0
4,4.7609522856952,3524.0343225836,3.203177766156,0.51639777949432,0
