stat_type,var_num,feature_volumes,feature_diameters,intersects_bounds,percolated
3,7.5,385226.32889834,700.28685083464,0.4375,0
4,4.7609522856952,10433.149845703,9.4500610014877,0.51234753829798,0
