stat_type,var_num,feature_volumes,feature_diameters,intersects_bounds,percolated
3,7.5,385232.81196788,700.3236241097,0.5,0
4,4.7609522856952,7233.0172164152,6.570369112241,0.51639777949432,0
