stat_type,var_num,feature_volumes,feature_diameters,intersects_bounds,percolated
3,7.5,385227.46103184,700.30270918874,0.5,0
4,4.7609522856952,9033.7480541035,8.1944766166642,0.51639777949432,0
