stat_type,var_num,feature_volumes,feature_diameters,intersects_bounds,percolated
3,7.5,385224.20296252,700.25172727138,0.4375,0
4,4.7609522856952,13030.782232603,11.785064193757,0.51234753829798,0
