stat_type,var_num,feature_volumes,feature_diameters,intersects_bounds,percolated
3,7.5,389349.47709468,704.07908231651,0.5,0
4,4.7609522856952,3189.6698770039,2.8838498801721,0.51639777949432,0
