stat_type,var_num,feature_volumes,feature_diameters,intersects_bounds,percolated
3,7.5,385238.49572671,700.3412420016,0.5,0
4,4.7609522856952,5452.2379032105,4.9565219193854,0.51639777949432,0
