stat_type,var_num,feature_volumes,feature_diameters,intersects_bounds,percolated
3,7.5,385240.54188139,700.34525196936,0.5,0
4,4.7609522856952,5083.4598376468,4.6211343556359,0.51639777949432,0
