stat_type,var_num,feature_volumes,feature_diameters,intersects_bounds,percolated
3,7.5,385240.04736514,700.32569746524,0.5,0
4,4.7609522856952,7780.0788503735,7.0638981318322,0.51639777949432,0
