stat_type,var_num,feature_volumes,feature_diameters,intersects_bounds,percolated
3,7.5,390543.32007343,705.15767249779,0.5,0
4,4.7609522856952,3206.5550298992,2.894770852417,0.51639777949432,0
