stat_type,var_num,feature_volumes,feature_diameters,intersects_bounds,percolated
3,7.5,385217.70855661,700.33397891837,0.5,0
4,4.7609522856952,2950.1257719488,2.6808633233719,0.51639777949432,0
