stat_type,var_num,feature_volumes,feature_diameters,intersects_bounds,percolated
3,7.5,385240.55809259,700.32838798554,0.5,0
4,4.7609522856952,7514.7882561537,6.8244095932855,0.51639777949432,0
