stat_type,var_num,feature_volumes,feature_diameters,intersects_bounds,percolated
3,7.5,385234.3692566,700.32941884225,0.5,0
4,4.7609522856952,6659.3204563168,6.0520438587665,0.51639777949432,0
