stat_type,var_num,feature_volumes,feature_diameters,intersects_bounds,percolated
3,7.5,385232.06511007,700.30878326804,0.5,0
4,4.7609522856952,8840.595720985,8.0204588907129,0.51639777949432,0
