stat_type,var_num,feature_volumes,feature_diameters,intersects_bounds,percolated
3,7.5,385249.02826205,700.35513244309,0.5,0
4,4.7609522856952,4682.4282042717,4.2565481675175,0.51639777949432,0
