stat_type,var_num,feature_volumes,feature_diameters,intersects_bounds,percolated
3,7.5,385229.24652937,700.2715388444,0.4375,0
4,4.7609522856952,11908.749796152,10.776881638034,0.51234753829798,0
