stat_type,var_num,feature_volumes,feature_diameters,intersects_bounds,percolated
3,7.5,385235.53920086,700.336351633,0.5,0
4,4.7609522856952,5805.8643793856,5.2780935239224,0.51639777949432,0
