stat_type,var_num,feature_volumes,feature_diameters,intersects_bounds,percolated
3,7.5,385226.81956038,700.26105187756,0.4375,0
4,4.7609522856952,12530.494134544,11.336293581781,0.51234753829798,0
