stat_type,var_num,feature_volumes,feature_diameters,intersects_bounds,percolated
3,7.5,385274.77017747,700.38454261941,0.5,0
4,4.7609522856952,3325.6269143582,3.0226590521049,0.51639777949432,0
