stat_type,var_num,feature_volumes,feature_diameters,intersects_bounds,percolated
3,7.5,385231.59912253,700.30241602893,0.5,0
4,4.7609522856952,9436.0831778918,8.5561354766848,0.51639777949432,0
