stat_type,var_num,feature_volumes,feature_diameters,intersects_bounds,percolated
3,7.5,385266.84175066,700.3756546202,0.5,0
4,4.7609522856952,3754.6208571876,3.4130115720322,0.51639777949432,0
