stat_type,var_num,feature_volumes,feature_diameters,intersects_bounds,percolated
3,7.5,385240.00870944,700.34371619568,0.5,0
4,4.7609522856952,5266.9534601056,4.7880393432842,0.51639777949432,0
