stat_type,var_num,feature_volumes,feature_diameters,intersects_bounds,percolated
3,7.5,390185.73514499,704.83480857915,0.5,0
4,4.7609522856952,3193.7650845832,2.8845137515532,0.51639777949432,0
