stat_type,var_num,feature_volumes,feature_diameters,intersects_bounds,percolated
3,7.5,390362.05255404,704.99512141976,0.5,0
4,4.7609522856952,2864.8696197662,2.5883534281113,0.51639777949432,0
