stat_type,var_num,feature_volumes,feature_diameters,intersects_bounds,percolated
3,7.5,385244.57293856,700.35053456697,0.5,0
4,4.7609522856952,4787.0748751092,4.3516607407067,0.51639777949432,0
