stat_type,var_num,feature_volumes,feature_diameters,intersects_bounds,percolated
3,7.5,385251.40792005,700.35986260477,0.5,0
4,4.7609522856952,4157.2720253149,3.7792529688264,0.51639777949432,0
