stat_type,var_num,feature_volumes,feature_diameters,intersects_bounds,percolated
3,7.5,389733.89661621,704.42662338591,0.5,0
4,4.7609522856952,3179.8585617493,2.8735781390566,0.51639777949432,0
