stat_type,var_num,feature_volumes,feature_diameters,intersects_bounds,percolated
3,7.5,385254.85188687,700.36343493738,0.5,0
4,4.7609522856952,4060.0755682371,3.690886241207,0.51639777949432,0
