stat_type,var_num,feature_volumes,feature_diameters,intersects_bounds,percolated
3,7.5,385223.27357322,700.24925880272,0.4375,0
4,4.7609522856952,13144.953437908,11.887517800906,0.51234753829798,0
