stat_type,var_num,feature_volumes,feature_diameters,intersects_bounds,percolated
3,7.5,385250.65333586,700.35870224293,0.5,0
4,4.7609522856952,4259.2198643416,3.8719028727817,0.51639777949432,0
