stat_type,var_num,feature_volumes,feature_diameters,intersects_bounds,percolated
3,7.5,385225.11467189,700.25423041026,0.4375,0
4,4.7609522856952,12911.897738395,11.678466471222,0.51234753829798,0
