stat_type,var_num,feature_volumes,feature_diameters,intersects_bounds,percolated
3,7.5,385257.59264239,700.36636701852,0.5,0
4,4.7609522856952,3960.8055310948,3.600564554347,0.51639777949432,0
