stat_type,var_num,feature_volumes,feature_diameters,intersects_bounds,percolated
3,7.5,385857.3839513,700.91514438953,0.5,0
4,4.7609522856952,2974.7342978925,2.7011583195275,0.51639777949432,0
