stat_type,var_num,feature_volumes,feature_diameters,intersects_bounds,percolated
3,7.5,385248.61555482,700.35581085407,0.5,0
4,4.7609522856952,4474.3417466895,4.0674423483928,0.51639777949432,0
