stat_type,var_num,feature_volumes,feature_diameters,intersects_bounds,percolated
3,7.5,385228.73453435,700.26664967099,0.4375,0
4,4.7609522856952,12244.573547277,11.079250804326,0.51234753829798,0
