stat_type,var_num,feature_volumes,feature_diameters,intersects_bounds,percolated
3,7.5,385244.67795949,700.35007621899,0.5,0
4,4.7609522856952,4890.5475185159,4.4457160617167,0.51639777949432,0
