stat_type,var_num,feature_volumes,feature_diameters,intersects_bounds,percolated
3,7.5,385231.57983677,700.2887887802,0.4375,0
4,4.7609522856952,10680.349525766,9.6716017416436,0.51234753829798,0
