stat_type,var_num,feature_volumes,feature_diameters,intersects_bounds,percolated
3,7.5,384793.96321034,699.94879858379,0.5,0
4,4.7609522856952,2911.5381349899,2.6472417611837,0.51639777949432,0
