stat_type,var_num,feature_volumes,feature_diameters,intersects_bounds,percolated
3,7.5,385232.16799772,700.3307517391,0.5,0
4,4.7609522856952,6188.4192549331,5.6255007291662,0.51639777949432,0
