stat_type,var_num,feature_volumes,feature_diameters,intersects_bounds,percolated
3,1.8,623589.28949719,878.44773916489,0.6,0
4,1.3165611772088,235767.57057232,157.43821580828,0.51639777949432,0
