stat_type,var_num,feature_volumes,feature_diameters,intersects_bounds,percolated
3,1.8,623582.46278705,878.40458455979,0.6,0
4,1.3165611772088,236189.92448698,157.67490058897,0.51639777949432,0
