stat_type,var_num,feature_volumes,feature_diameters,intersects_bounds,percolated
3,1.8,623574.55843492,878.53543620176,0.6,0
4,1.3165611772088,237246.09918552,156.82713139665,0.51639777949432,0
