stat_type,var_num,feature_volumes,feature_diameters,intersects_bounds,percolated
3,1.8,624163.35106018,878.99102608677,0.6,0
4,1.3165611772088,234207.68172776,156.64622917461,0.51639777949432,0
