stat_type,var_num,feature_volumes,feature_diameters,intersects_bounds,percolated
3,1.8,624065.57900206,878.90951638109,0.6,0
4,1.3165611772088,234282.89692693,156.71288576468,0.51639777949432,0
