stat_type,var_num,feature_volumes,feature_diameters,intersects_bounds,percolated
3,1.8,623587.14427017,878.15770097797,0.6,0
4,1.3165611772088,238679.58705629,159.21635833855,0.51639777949432,0
