stat_type,var_num,feature_volumes,feature_diameters,intersects_bounds,percolated
3,1.8,623959.77086288,878.82297153343,0.6,0
4,1.3165611772088,234403.40005344,156.77457025812,0.51639777949432,0
