stat_type,var_num,feature_volumes,feature_diameters,intersects_bounds,percolated
3,1.8,623560.41913715,878.23026408548,0.6,0
4,1.3165611772088,239213.07983696,158.65191605596,0.51639777949432,0
