stat_type,var_num,feature_volumes,feature_diameters,intersects_bounds,percolated
3,1.8,623563.08574127,878.21342560319,0.6,0
4,1.3165611772088,239293.36378615,158.76732973891,0.51639777949432,0
