stat_type,var_num,feature_volumes,feature_diameters,intersects_bounds,percolated
3,1.8,623566.38750035,878.29142626892,0.6,0
4,1.3165611772088,238939.99997024,158.30194031097,0.51639777949432,0
