stat_type,var_num,feature_volumes,feature_diameters,intersects_bounds,percolated
3,1.8,624758.72328316,879.42164478928,0.6,0
4,1.3165611772088,234300.68070371,156.6492298044,0.51639777949432,0
