stat_type,var_num,feature_volumes,feature_diameters,intersects_bounds,percolated
3,1.8,623566.14556329,878.10099676301,0.6,0
4,1.3165611772088,239707.02703242,159.47035521474,0.51639777949432,0
