stat_type,var_num,feature_volumes,feature_diameters,intersects_bounds,percolated
3,1.8,623584.84763882,878.47238426465,0.6,0
4,1.3165611772088,235423.49565409,157.26537231272,0.51639777949432,0
