stat_type,var_num,feature_volumes,feature_diameters,intersects_bounds,percolated
3,1.8,623561.03357817,878.19155522735,0.6,0
4,1.3165611772088,239385.96393151,158.892552217,0.51639777949432,0
