stat_type,var_num,feature_volumes,feature_diameters,intersects_bounds,percolated
3,1.8,623581.56794426,878.50362180617,0.6,0
4,1.3165611772088,234956.38031709,157.05660037079,0.51639777949432,0
