stat_type,var_num,feature_volumes,feature_diameters,intersects_bounds,percolated
3,1.8,623579.50379465,878.59392911721,0.6,0
4,1.3165611772088,236826.77969561,156.48496994227,0.51639777949432,0
