stat_type,var_num,feature_volumes,feature_diameters,intersects_bounds,percolated
3,1.8,623580.77073579,878.286579337,0.6,0
4,1.3165611772088,237339.56733498,158.39606193813,0.51639777949432,0
