stat_type,var_num,feature_volumes,feature_diameters,intersects_bounds,percolated
3,1.8,624883.3360908,879.51227029943,0.6,0
4,1.3165611772088,234319.44889207,156.64659711728,0.51639777949432,0
