stat_type,var_num,feature_volumes,feature_diameters,intersects_bounds,percolated
3,1.8,623580.74965802,878.24162174431,0.6,0
4,1.3165611772088,237785.06208424,158.67270169236,0.51639777949432,0
