stat_type,var_num,feature_volumes,feature_diameters,intersects_bounds,percolated
3,1.8,623571.60169772,878.27697282634,0.6,0
4,1.3165611772088,239033.06221205,158.4142995032,0.51639777949432,0
