stat_type,var_num,feature_volumes,feature_diameters,intersects_bounds,percolated
3,1.8,623562.60777502,878.14956560844,0.6,0
4,1.3165611772088,239576.44046423,159.15719433958,0.51639777949432,0
