stat_type,var_num,feature_volumes,feature_diameters,intersects_bounds,percolated
3,1.8,623579.4640989,878.49817472301,0.6,0
4,1.3165611772088,235012.83396831,157.08097693661,0.51639777949432,0
