stat_type,var_num,feature_volumes,feature_diameters,intersects_bounds,percolated
3,1.8,623581.01439451,878.1053388493,0.6,0
4,1.3165611772088,239205.05559731,159.5097376251,0.51639777949432,0
