stat_type,var_num,feature_volumes,feature_diameters,intersects_bounds,percolated
3,1.8,623546.11131285,878.48872991055,0.6,0
4,1.3165611772088,234786.48327489,156.98944872367,0.51639777949432,0
