stat_type,var_num,feature_volumes,feature_diameters,intersects_bounds,percolated
3,1.8,623579.9699897,878.18110487895,0.6,0
4,1.3165611772088,238381.56909877,159.04095953643,0.51639777949432,0
