stat_type,var_num,feature_volumes,feature_diameters,intersects_bounds,percolated
3,1.8,623577.66626682,878.50952040835,0.6,0
4,1.3165611772088,237463.66270181,157.00235828548,0.51639777949432,0
