stat_type,var_num,feature_volumes,feature_diameters,intersects_bounds,percolated
3,1.8,623560.38614322,878.16908516118,0.6,0
4,1.3165611772088,239486.02020133,159.02760080165,0.51639777949432,0
