stat_type,var_num,feature_volumes,feature_diameters,intersects_bounds,percolated
3,1.8,623565.5692423,878.13461781168,0.6,0
4,1.3165611772088,239638.37535916,159.26195924156,0.51639777949432,0
