stat_type,var_num,feature_volumes,feature_diameters,intersects_bounds,percolated
3,1.8,623578.87728102,878.08542166754,0.6,0
4,1.3165611772088,239433.61083321,159.6220468993,0.51639777949432,0
