stat_type,var_num,feature_volumes,feature_diameters,intersects_bounds,percolated
3,1.8,623560.48342095,878.10486031364,0.6,0
4,1.3165611772088,239708.61312736,159.42159451975,0.51639777949432,0
