stat_type,var_num,feature_volumes,feature_diameters,intersects_bounds,percolated
3,1.8,623570.68164988,878.36256555804,0.6,0
4,1.3165611772088,238525.14456297,157.88200319783,0.51639777949432,0
