stat_type,var_num,feature_volumes,feature_diameters,intersects_bounds,percolated
3,1.8,623578.27139364,878.12449834127,0.6,0
4,1.3165611772088,238961.48651512,159.3803270617,0.51639777949432,0
