stat_type,var_num,feature_volumes,feature_diameters,intersects_bounds,percolated
3,1.8,623581.12308515,878.27136561804,0.6,0
4,1.3165611772088,237491.87185463,158.491337295,0.51639777949432,0
