stat_type,var_num,feature_volumes,feature_diameters,intersects_bounds,percolated
3,1.8,623577.14246559,878.56468135551,0.6,0
4,1.3165611772088,237036.62253697,156.65665803076,0.51639777949432,0
