stat_type,var_num,feature_volumes,feature_diameters,intersects_bounds,percolated
3,1.8,623584.20833433,878.36614562015,0.6,0
4,1.3165611772088,236590.14987429,157.92047137734,0.51639777949432,0
