stat_type,var_num,feature_volumes,feature_diameters,intersects_bounds,percolated
3,1.8,624970.91684729,879.57651959081,0.6,0
4,1.3165611772088,234333.90004819,156.64124553994,0.51639777949432,0
