stat_type,var_num,feature_volumes,feature_diameters,intersects_bounds,percolated
3,1.8,623568.94563342,878.38810796505,0.6,0
4,1.3165611772088,238333.94228469,157.71624391381,0.51639777949432,0
