stat_type,var_num,feature_volumes,feature_diameters,intersects_bounds,percolated
3,1.8,623587.06210445,878.38149156495,0.6,0
4,1.3165611772088,236458.58343816,157.83839250162,0.51639777949432,0
