stat_type,var_num,feature_volumes,feature_diameters,intersects_bounds,percolated
3,1.8,623588.4562546,878.48670213398,0.6,0
4,1.3165611772088,235270.95961024,157.19272077252,0.51639777949432,0
