stat_type,var_num,feature_volumes,feature_diameters,intersects_bounds,percolated
3,1.8,623576.44716537,878.48007100352,0.6,0
4,1.3165611772088,237681.21163758,157.17985644923,0.51639777949432,0
