stat_type,var_num,feature_volumes,feature_diameters,intersects_bounds,percolated
3,1.8,624467.17309107,879.20902445786,0.6,0
4,1.3165611772088,234278.27918334,156.65883129481,0.51639777949432,0
