stat_type,var_num,feature_volumes,feature_diameters,intersects_bounds,percolated
3,1.8,623587.88417402,878.49526823682,0.6,0
4,1.3165611772088,235140.15675604,157.13694463963,0.51639777949432,0
