stat_type,var_num,feature_volumes,feature_diameters,intersects_bounds,percolated
3,1.8,623564.68827855,878.11967001691,0.6,0
4,1.3165611772088,239681.15932002,159.34959800564,0.51639777949432,0
