stat_type,var_num,feature_volumes,feature_diameters,intersects_bounds,percolated
3,1.8,623574.39787453,878.08087709262,0.6,0
4,1.3165611772088,239665.32056142,159.62997401117,0.51639777949432,0
