stat_type,var_num,feature_volumes,feature_diameters,intersects_bounds,percolated
3,1.8,623572.70636539,878.3177337752,0.6,0
4,1.3165611772088,238817.35529721,158.16793922193,0.51639777949432,0
