stat_type,var_num,feature_volumes,feature_diameters,intersects_bounds,percolated
3,1.8,623582.4301862,878.33564252424,0.6,0
4,1.3165611772088,236876.02090255,158.100912172,0.51639777949432,0
