stat_type,var_num,feature_volumes,feature_diameters,intersects_bounds,percolated
3,1.8,623550.5744988,878.50320236147,0.6,0
4,1.3165611772088,234633.37625301,156.91955842559,0.51639777949432,0
