stat_type,var_num,feature_volumes,feature_diameters,intersects_bounds,percolated
3,1.8,623589.50838945,878.43043099321,0.6,0
4,1.3165611772088,235969.06950538,157.54646463995,0.51639777949432,0
