stat_type,var_num,feature_volumes,feature_diameters,intersects_bounds,percolated
3,1.8,623587.0192832,878.46221880173,0.6,0
4,1.3165611772088,235576.90311815,157.33821557695,0.51639777949432,0
