stat_type,var_num,feature_volumes,feature_diameters,intersects_bounds,percolated
3,1.8,623581.12834781,878.32007435129,0.6,0
4,1.3165611772088,237019.54498452,158.19116057113,0.51639777949432,0
