stat_type,var_num,feature_volumes,feature_diameters,intersects_bounds,percolated
3,1.8,623566.77037258,878.33541097266,0.6,0
4,1.3165611772088,238684.15306496,158.03226341704,0.51639777949432,0
