stat_type,var_num,feature_volumes,feature_diameters,intersects_bounds,percolated
3,1.8,623566.05169027,878.49935616507,0.6,0
4,1.3165611772088,234844.84750217,157.01322302413,0.51639777949432,0
