stat_type,var_num,feature_volumes,feature_diameters,intersects_bounds,percolated
3,1.8,623562.30362869,878.08930923828,0.6,0
4,1.3165611772088,239713.78581552,159.52481028791,0.51639777949432,0
