stat_type,var_num,feature_volumes,feature_diameters,intersects_bounds,percolated
3,1.8,623599.39676212,878.54787297903,0.6,0
4,1.3165611772088,234514.41834511,156.86174703487,0.51639777949432,0
