stat_type,var_num,feature_volumes,feature_diameters,intersects_bounds,percolated
3,1.8,623577.19364665,878.452440534,0.6,0
4,1.3165611772088,237895.77505015,157.35470146477,0.51639777949432,0
