stat_type,var_num,feature_volumes,feature_diameters,intersects_bounds,percolated
3,1.8,624581.13628332,879.29471774251,0.6,0
4,1.3165611772088,234265.40411244,156.63900806084,0.51639777949432,0
