stat_type,var_num,feature_volumes,feature_diameters,intersects_bounds,percolated
3,1.8,623568.12573944,878.25523695048,0.6,0
4,1.3165611772088,239125.71840229,158.53262999875,0.51639777949432,0
