stat_type,var_num,feature_volumes,feature_diameters,intersects_bounds,percolated
3,1.8,623574.15607377,878.07615845389,0.6,0
4,1.3165611772088,239583.07091547,159.65773998305,0.51639777949432,0
