stat_type,var_num,feature_volumes,feature_diameters,intersects_bounds,percolated
3,1.8,623985.05349101,878.85071846709,0.6,0
4,1.3165611772088,234307.82232761,156.71580817349,0.51639777949432,0
