stat_type,var_num,feature_volumes,feature_diameters,intersects_bounds,percolated
3,1.8,623564.75901066,878.0705734268,0.6,0
4,1.3165611772088,239628.51896509,159.65023561088,0.51639777949432,0
