stat_type,var_num,feature_volumes,feature_diameters,intersects_bounds,percolated
3,1.8,623571.91845827,878.08422985583,0.6,0
4,1.3165611772088,239685.716916,159.59849221626,0.51639777949432,0
