stat_type,var_num,feature_volumes,feature_diameters,intersects_bounds,percolated
3,1.8,623576.54808894,878.4228206333,0.6,0
4,1.3165611772088,238118.52572933,157.53542242553,0.51639777949432,0
