stat_type,var_num,feature_volumes,feature_diameters,intersects_bounds,percolated
3,7.5,389744.89287671,704.43648516206,0.5,0
4,4.7609522856952,3202.0843571713,2.8933656004074,0.51639777949432,0
