stat_type,var_num,feature_volumes,feature_diameters,intersects_bounds,percolated
3,7.5,389516.15955995,704.22993721393,0.5,0
4,4.7609522856952,3144.8714879394,2.8421957251343,0.51639777949432,0
