stat_type,var_num,feature_volumes,feature_diameters,intersects_bounds,percolated
3,7.5,390193.14844921,704.841358297,0.5,0
4,4.7609522856952,3235.7779761993,2.9223413975958,0.51639777949432,0
