stat_type,var_num,feature_volumes,feature_diameters,intersects_bounds,percolated
3,7.5,389576.39353647,704.28442069167,0.5,0
4,4.7609522856952,3135.1029232683,2.8330839620573,0.51639777949432,0
