stat_type,var_num,feature_volumes,feature_diameters,intersects_bounds,percolated
3,7.5,389915.41268114,704.59043276528,0.5,0
4,4.7609522856952,3242.1892601389,2.9293153689694,0.51639777949432,0
