stat_type,var_num,feature_volumes,feature_diameters,intersects_bounds,percolated
3,7.5,390280.63043434,704.92041164676,0.5,0
4,4.7609522856952,3223.6365418063,2.9112117867168,0.51639777949432,0
