stat_type,var_num,feature_volumes,feature_diameters,intersects_bounds,percolated
3,7.5,389484.77124801,704.20151207184,0.5,0
4,4.7609522856952,3159.1728592881,2.8553053923621,0.51639777949432,0
