stat_type,var_num,feature_volumes,feature_diameters,intersects_bounds,percolated
3,7.5,390196.19629108,704.84393223119,0.5,0
4,4.7609522856952,3286.2756897553,2.9680107679734,0.51639777949432,0
