stat_type,var_num,feature_volumes,feature_diameters,intersects_bounds,percolated
3,7.5,390545.683257,705.15973425403,0.5,0
4,4.7609522856952,3227.0943697635,2.9133504598313,0.51639777949432,0
