stat_type,var_num,feature_volumes,feature_diameters,intersects_bounds,percolated
3,7.5,389600.17196591,704.3058907931,0.5,0
4,4.7609522856952,3142.0502607808,2.8393007121262,0.51639777949432,0
