stat_type,var_num,feature_volumes,feature_diameters,intersects_bounds,percolated
3,7.5,390366.27757759,704.99892881391,0.5,0
4,4.7609522856952,2867.4109122443,2.5906321698885,0.51639777949432,0
