stat_type,var_num,feature_volumes,feature_diameters,intersects_bounds,percolated
3,7.5,389972.92381204,704.64251472578,0.5,0
4,4.7609522856952,3207.9891263884,2.8981675876153,0.51639777949432,0
