stat_type,var_num,feature_volumes,feature_diameters,intersects_bounds,percolated
3,7.5,390467.6205343,705.0893050697,0.5,0
4,4.7609522856952,3212.618441755,2.9005340645642,0.51639777949432,0
