stat_type,var_num,feature_volumes,feature_diameters,intersects_bounds,percolated
3,1.8,623608.43790506,877.64174153683,0.6,0
4,1.3165611772088,241935.54755954,162.43938043139,0.51639777949432,0
