stat_type,var_num,feature_volumes,feature_diameters,intersects_bounds,percolated
3,1.8,623602.96736755,877.69529132779,0.6,0
4,1.3165611772088,241373.4043919,162.09371037077,0.51639777949432,0
