stat_type,var_num,feature_volumes,feature_diameters,intersects_bounds,percolated
3,1.8,623639.58558723,877.70362535953,0.6,0
4,1.3165611772088,241681.6253411,162.20332940356,0.51639777949432,0
