stat_type,var_num,feature_volumes,feature_diameters,intersects_bounds,percolated
3,1.8,623607.71106178,877.75732352961,0.6,0
4,1.3165611772088,240839.31617159,161.74080470436,0.51639777949432,0
