stat_type,var_num,feature_volumes,feature_diameters,intersects_bounds,percolated
3,1.8,623624.3040067,877.66419104015,0.6,0
4,1.3165611772088,241899.97806058,162.37368658303,0.51639777949432,0
