stat_type,var_num,feature_volumes,feature_diameters,intersects_bounds,percolated
3,1.8,623600.36687259,877.35069825079,0.6,0
4,1.3165611772088,243728.21321296,164.14221304299,0.51639777949432,0
