stat_type,var_num,feature_volumes,feature_diameters,intersects_bounds,percolated
3,1.8,623608.52587184,877.79382395786,0.6,0
4,1.3165611772088,240416.14607888,161.52412339776,0.51639777949432,0
