stat_type,var_num,feature_volumes,feature_diameters,intersects_bounds,percolated
3,1.8,623595.30673792,876.82089752868,0.6,0
4,1.3165611772088,247782.81207723,167.23675203124,0.51639777949432,0
