stat_type,var_num,feature_volumes,feature_diameters,intersects_bounds,percolated
3,1.8,623585.99819226,876.4361532218,0.6,0
4,1.3165611772088,251107.80101115,169.42393169309,0.51639777949432,0
