stat_type,var_num,feature_volumes,feature_diameters,intersects_bounds,percolated
3,1.8,623591.68622738,876.30619110096,0.6,0
4,1.3165611772088,252361.74636382,170.19287787327,0.51639777949432,0
