stat_type,var_num,feature_volumes,feature_diameters,intersects_bounds,percolated
3,1.8,623622.18840157,877.65093793271,0.6,0
4,1.3165611772088,241986.01295774,162.4440498312,0.51639777949432,0
