stat_type,var_num,feature_volumes,feature_diameters,intersects_bounds,percolated
3,1.8,623597.02193394,876.95484638858,0.6,0
4,1.3165611772088,246711.92337476,166.46182645794,0.51639777949432,0
