stat_type,var_num,feature_volumes,feature_diameters,intersects_bounds,percolated
3,1.8,623596.82055675,876.98364932768,0.6,0
4,1.3165611772088,246483.28797487,166.29228189438,0.51639777949432,0
