stat_type,var_num,feature_volumes,feature_diameters,intersects_bounds,percolated
3,1.8,623604.91793714,877.64121633689,0.6,0
4,1.3165611772088,241906.97776611,162.42720487654,0.51639777949432,0
