stat_type,var_num,feature_volumes,feature_diameters,intersects_bounds,percolated
3,1.8,623931.05765686,878.5996276225,0.6,0
4,1.3165611772088,236146.747157,158.03090463843,0.51639777949432,0
