stat_type,var_num,feature_volumes,feature_diameters,intersects_bounds,percolated
3,1.8,623952.24391672,878.5929179525,0.6,0
4,1.3165611772088,236334.11994849,158.16712505981,0.51639777949432,0
