stat_type,var_num,feature_volumes,feature_diameters,intersects_bounds,percolated
3,1.8,623957.22250173,878.70328157318,0.6,0
4,1.3165611772088,235442.33343469,157.50680008195,0.51639777949432,0
