stat_type,var_num,feature_volumes,feature_diameters,intersects_bounds,percolated
3,1.8,623674.67219851,877.88836523793,0.6,0
4,1.3165611772088,240429.96699616,161.242653141,0.51639777949432,0
