stat_type,var_num,feature_volumes,feature_diameters,intersects_bounds,percolated
3,1.8,623605.13033431,877.78721793193,0.6,0
4,1.3165611772088,240407.41661973,161.54914036256,0.51639777949432,0
