stat_type,var_num,feature_volumes,feature_diameters,intersects_bounds,percolated
3,1.8,623591.88734868,876.46768834521,0.6,0
4,1.3165611772088,250866.28114926,169.26718535822,0.51639777949432,0
