stat_type,var_num,feature_volumes,feature_diameters,intersects_bounds,percolated
3,1.8,623600.54725094,877.70174035962,0.6,0
4,1.3165611772088,241295.61747389,162.04434183302,0.51639777949432,0
