stat_type,var_num,feature_volumes,feature_diameters,intersects_bounds,percolated
3,1.8,623607.83318359,877.64635239478,0.6,0
4,1.3165611772088,241871.47419824,162.40906427935,0.51639777949432,0
