stat_type,var_num,feature_volumes,feature_diameters,intersects_bounds,percolated
3,1.8,623596.07837458,876.73136956784,0.6,0
4,1.3165611772088,248551.64148373,167.76071763737,0.51639777949432,0
