stat_type,var_num,feature_volumes,feature_diameters,intersects_bounds,percolated
3,1.8,623857.19900899,878.37163719869,0.6,0
4,1.3165611772088,237587.34750371,159.10486762179,0.51639777949432,0
