stat_type,var_num,feature_volumes,feature_diameters,intersects_bounds,percolated
3,1.8,623585.63354638,876.40980502141,0.6,0
4,1.3165611772088,251340.4945086,169.57378538993,0.51639777949432,0
