stat_type,var_num,feature_volumes,feature_diameters,intersects_bounds,percolated
3,1.8,623943.96803131,878.50683604168,0.6,0
4,1.3165611772088,236996.64407369,158.66061901805,0.51639777949432,0
