stat_type,var_num,feature_volumes,feature_diameters,intersects_bounds,percolated
3,1.8,623838.56023631,878.3414558429,0.6,0
4,1.3165611772088,237729.21836054,159.20710261688,0.51639777949432,0
