stat_type,var_num,feature_volumes,feature_diameters,intersects_bounds,percolated
3,1.8,624834.09213937,879.4764482386,0.6,0
4,1.3165611772088,234315.13606242,156.64770099446,0.51639777949432,0
