stat_type,var_num,feature_volumes,feature_diameters,intersects_bounds,percolated
3,1.8,624687.15045155,879.36869295033,0.6,0
4,1.3165611772088,234302.40002566,156.65632909751,0.51639777949432,0
