stat_type,var_num,feature_volumes,feature_diameters,intersects_bounds,percolated
3,1.8,623602.75719647,877.77127157433,0.6,0
4,1.3165611772088,240486.47292979,161.63499850387,0.51639777949432,0
