stat_type,var_num,feature_volumes,feature_diameters,intersects_bounds,percolated
3,1.8,623676.11991554,877.90265138149,0.6,0
4,1.3165611772088,240325.35222422,161.16256003318,0.51639777949432,0
