stat_type,var_num,feature_volumes,feature_diameters,intersects_bounds,percolated
3,1.8,623634.16658463,877.68435154331,0.6,0
4,1.3165611772088,241801.88018348,162.29555138525,0.51639777949432,0
