stat_type,var_num,feature_volumes,feature_diameters,intersects_bounds,percolated
3,1.8,623592.62919663,877.00872259644,0.6,0
4,1.3165611772088,246262.87930525,166.12744702076,0.51639777949432,0
