stat_type,var_num,feature_volumes,feature_diameters,intersects_bounds,percolated
3,1.8,623596.69970384,877.66016718896,0.6,0
4,1.3165611772088,241652.63791481,162.27757070701,0.51639777949432,0
