stat_type,var_num,feature_volumes,feature_diameters,intersects_bounds,percolated
3,1.8,623672.32668741,877.85970291755,0.6,0
4,1.3165611772088,240640.81298722,161.40567003986,0.51639777949432,0
