stat_type,var_num,feature_volumes,feature_diameters,intersects_bounds,percolated
3,1.8,623607.87926872,877.73169635431,0.6,0
4,1.3165611772088,241074.6622414,161.89599373383,0.51639777949432,0
