stat_type,var_num,feature_volumes,feature_diameters,intersects_bounds,percolated
3,1.8,623605.33775226,877.65332710496,0.6,0
4,1.3165611772088,241779.96749508,162.35630828421,0.51639777949432,0
