stat_type,var_num,feature_volumes,feature_diameters,intersects_bounds,percolated
3,1.8,623609.85881078,877.78901211009,0.6,0
4,1.3165611772088,240529.80694402,161.55901207154,0.51639777949432,0
