stat_type,var_num,feature_volumes,feature_diameters,intersects_bounds,percolated
3,1.8,623721.64644509,878.05189159702,0.6,0
4,1.3165611772088,239400.33283914,160.45747385418,0.51639777949432,0
