stat_type,var_num,feature_volumes,feature_diameters,intersects_bounds,percolated
3,1.8,624132.60501696,878.92238375453,0.6,0
4,1.3165611772088,234711.15140278,156.93507929298,0.51639777949432,0
