stat_type,var_num,feature_volumes,feature_diameters,intersects_bounds,percolated
3,1.8,623979.49337276,878.59250028008,0.6,0
4,1.3165611772088,236503.54716441,158.29151910182,0.51639777949432,0
