stat_type,var_num,feature_volumes,feature_diameters,intersects_bounds,percolated
3,1.8,623603.56881313,877.71960993466,0.6,0
4,1.3165611772088,241151.23715497,161.949959305,0.51639777949432,0
