stat_type,var_num,feature_volumes,feature_diameters,intersects_bounds,percolated
3,1.8,623597.82890744,877.67480405159,0.6,0
4,1.3165611772088,241521.94242372,162.19451322738,0.51639777949432,0
