stat_type,var_num,feature_volumes,feature_diameters,intersects_bounds,percolated
3,1.8,623591.39755454,876.27522828168,0.6,0
4,1.3165611772088,253066.06206814,170.3687224261,0.51639777949432,0
