stat_type,var_num,feature_volumes,feature_diameters,intersects_bounds,percolated
3,1.8,623702.30922041,877.97801664442,0.6,0
4,1.3165611772088,239880.23384376,160.82097199886,0.51639777949432,0
