stat_type,var_num,feature_volumes,feature_diameters,intersects_bounds,percolated
3,1.8,623593.64835395,876.49633955434,0.6,0
4,1.3165611772088,250622.63021581,169.10962807785,0.51639777949432,0
