stat_type,var_num,feature_volumes,feature_diameters,intersects_bounds,percolated
3,1.8,623666.60181192,877.82943818891,0.6,0
4,1.3165611772088,240847.6642236,161.56339521643,0.51639777949432,0
