stat_type,var_num,feature_volumes,feature_diameters,intersects_bounds,percolated
3,1.8,624288.96037866,879.05267612699,0.6,0
4,1.3165611772088,234585.19687438,156.82893826536,0.51639777949432,0
