stat_type,var_num,feature_volumes,feature_diameters,intersects_bounds,percolated
3,1.8,623881.38497971,878.40702510146,0.6,0
4,1.3165611772088,237440.251266,158.99527887019,0.51639777949432,0
