stat_type,var_num,feature_volumes,feature_diameters,intersects_bounds,percolated
3,1.8,623607.5805257,877.47071001612,0.6,0
4,1.3165611772088,242837.95051625,163.45908419657,0.51639777949432,0
