stat_type,var_num,feature_volumes,feature_diameters,intersects_bounds,percolated
3,1.8,623605.09799177,877.71266771834,0.6,0
4,1.3165611772088,241225.37484714,161.99843616641,0.51639777949432,0
