stat_type,var_num,feature_volumes,feature_diameters,intersects_bounds,percolated
3,1.8,623826.95651246,878.31435059934,0.6,0
4,1.3165611772088,237886.31996425,159.32165799168,0.51639777949432,0
