stat_type,var_num,feature_volumes,feature_diameters,intersects_bounds,percolated
3,1.8,623804.19636047,878.27876898885,0.6,0
4,1.3165611772088,238041.2988756,159.43851103625,0.51639777949432,0
