stat_type,var_num,feature_volumes,feature_diameters,intersects_bounds,percolated
3,1.8,623594.70723681,876.59870347964,0.6,0
4,1.3165611772088,249719.3724837,168.52350379848,0.51639777949432,0
