stat_type,var_num,feature_volumes,feature_diameters,intersects_bounds,percolated
3,1.8,623687.27475094,877.93830193673,0.6,0
4,1.3165611772088,240108.21241364,160.99565126447,0.51639777949432,0
