stat_type,var_num,feature_volumes,feature_diameters,intersects_bounds,percolated
3,1.8,624070.75404922,878.86512016065,0.6,0
4,1.3165611772088,234801.94262253,157.01260859903,0.51639777949432,0
