stat_type,var_num,feature_volumes,feature_diameters,intersects_bounds,percolated
3,1.8,624082.61851342,878.92554970423,0.6,0
4,1.3165611772088,234287.20208286,156.68988179162,0.51639777949432,0
