stat_type,var_num,feature_volumes,feature_diameters,intersects_bounds,percolated
3,1.8,623607.78927188,877.76359749898,0.6,0
4,1.3165611772088,240561.93216804,161.70331066315,0.51639777949432,0
