stat_type,var_num,feature_volumes,feature_diameters,intersects_bounds,percolated
3,1.8,623609.26559365,877.77326404457,0.6,0
4,1.3165611772088,240699.54577416,161.651457517,0.51639777949432,0
