stat_type,var_num,feature_volumes,feature_diameters,intersects_bounds,percolated
3,1.8,623592.3855351,876.66388635343,0.6,0
4,1.3165611772088,249118.62536352,168.13656956549,0.51639777949432,0
