stat_type,var_num,feature_volumes,feature_diameters,intersects_bounds,percolated
3,1.8,623592.50637158,876.61907338438,0.6,0
4,1.3165611772088,249519.83337597,168.39648680528,0.51639777949432,0
