stat_type,var_num,feature_volumes,feature_diameters,intersects_bounds,percolated
3,1.8,623608.81053714,877.4927889198,0.6,0
4,1.3165611772088,242669.47773735,163.33266467516,0.51639777949432,0
