stat_type,var_num,feature_volumes,feature_diameters,intersects_bounds,percolated
3,1.8,623594.17845186,876.89693790315,0.6,0
4,1.3165611772088,247155.18041558,166.78838278101,0.51639777949432,0
