stat_type,var_num,feature_volumes,feature_diameters,intersects_bounds,percolated
3,1.8,623595.72288589,877.0865582522,0.6,0
4,1.3165611772088,245678.52150204,165.68344529161,0.51639777949432,0
