stat_type,var_num,feature_volumes,feature_diameters,intersects_bounds,percolated
3,1.8,623716.66206108,878.01874396943,0.6,0
4,1.3165611772088,239639.43363253,160.63694083495,0.51639777949432,0
