stat_type,var_num,feature_volumes,feature_diameters,intersects_bounds,percolated
3,1.8,623590.44375027,876.2656435801,0.6,0
4,1.3165611772088,252789.95695431,170.41952999371,0.51639777949432,0
