stat_type,var_num,feature_volumes,feature_diameters,intersects_bounds,percolated
3,1.8,623595.05188243,876.87146732355,0.6,0
4,1.3165611772088,247366.7183702,166.94080704693,0.51639777949432,0
