stat_type,var_num,feature_volumes,feature_diameters,intersects_bounds,percolated
3,1.8,623589.71173577,876.29463326389,0.6,0
4,1.3165611772088,252975.32190837,170.25078360036,0.51639777949432,0
