stat_type,var_num,feature_volumes,feature_diameters,intersects_bounds,percolated
3,1.8,623591.40472654,876.2547077664,0.6,0
4,1.3165611772088,253107.79300717,170.48598304063,0.51639777949432,0
