stat_type,var_num,feature_volumes,feature_diameters,intersects_bounds,percolated
3,1.8,623594.67358864,877.68204689596,0.6,0
4,1.3165611772088,241438.35431062,162.13719449823,0.51639777949432,0
