stat_type,var_num,feature_volumes,feature_diameters,intersects_bounds,percolated
3,1.8,623617.59721001,877.64640138827,0.6,0
4,1.3165611772088,241986.92071317,162.45129078768,0.51639777949432,0
