stat_type,var_num,feature_volumes,feature_diameters,intersects_bounds,percolated
3,1.8,623603.46606033,877.76153950995,0.6,0
4,1.3165611772088,240769.6992435,161.69681155051,0.51639777949432,0
