stat_type,var_num,feature_volumes,feature_diameters,intersects_bounds,percolated
3,1.8,624133.13111005,878.94655128362,0.6,0
4,1.3165611772088,234462.21812304,156.78698817652,0.51639777949432,0
