stat_type,var_num,feature_volumes,feature_diameters,intersects_bounds,percolated
3,1.8,623608.7787477,877.79405567237,0.6,0
4,1.3165611772088,240440.36771293,161.5238316501,0.51639777949432,0
