stat_type,var_num,feature_volumes,feature_diameters,intersects_bounds,percolated
3,1.8,623608.72663344,877.62128377363,0.6,0
4,1.3165611772088,241656.25459356,162.56340116725,0.51639777949432,0
