stat_type,var_num,feature_volumes,feature_diameters,intersects_bounds,percolated
3,1.8,623611.0997639,877.78080515205,0.6,0
4,1.3165611772088,240635.18407382,161.61398063082,0.51639777949432,0
