stat_type,var_num,feature_volumes,feature_diameters,intersects_bounds,percolated
3,1.8,623592.36445471,876.77318105091,0.6,0
4,1.3165611772088,248169.14223914,167.50206369707,0.51639777949432,0
