stat_type,var_num,feature_volumes,feature_diameters,intersects_bounds,percolated
3,1.8,623605.32120461,877.71721886526,0.6,0
4,1.3165611772088,240886.66877303,161.97201051905,0.51639777949432,0
