stat_type,var_num,feature_volumes,feature_diameters,intersects_bounds,percolated
3,1.8,623602.5989886,876.85159831576,0.6,0
4,1.3165611772088,247574.36530922,167.088678262,0.51639777949432,0
