stat_type,var_num,feature_volumes,feature_diameters,intersects_bounds,percolated
3,1.8,623598.01996396,877.37342304512,0.6,0
4,1.3165611772088,243540.26290191,163.99707169053,0.51639777949432,0
