stat_type,var_num,feature_volumes,feature_diameters,intersects_bounds,percolated
3,1.8,623602.33105092,877.69636843741,0.6,0
4,1.3165611772088,241029.85285998,162.08445300328,0.51639777949432,0
