stat_type,var_num,feature_volumes,feature_diameters,intersects_bounds,percolated
3,1.8,623589.83966076,876.28397352715,0.6,0
4,1.3165611772088,253024.55167988,170.3122664422,0.51639777949432,0
