stat_type,var_num,feature_volumes,feature_diameters,intersects_bounds,percolated
3,1.8,623598.72623926,877.66785044563,0.6,0
4,1.3165611772088,241593.43742903,162.24022856538,0.51639777949432,0
