stat_type,var_num,feature_volumes,feature_diameters,intersects_bounds,percolated
3,1.8,623592.06034035,876.34413994587,0.6,0
4,1.3165611772088,251991.2362996,169.97718602063,0.51639777949432,0
