stat_type,var_num,feature_volumes,feature_diameters,intersects_bounds,percolated
3,1.8,623601.84561001,877.65651237395,0.6,0
4,1.3165611772088,241722.42640667,162.32195815071,0.51639777949432,0
