stat_type,var_num,feature_volumes,feature_diameters,intersects_bounds,percolated
3,1.8,623777.22677492,878.21749276817,0.6,0
4,1.3165611772088,238387.42222573,159.69369162745,0.51639777949432,0
