stat_type,var_num,feature_volumes,feature_diameters,intersects_bounds,percolated
3,1.8,623612.21674998,877.51707372988,0.6,0
4,1.3165611772088,242497.91051611,163.2023973768,0.51639777949432,0
