stat_type,var_num,feature_volumes,feature_diameters,intersects_bounds,percolated
3,1.8,623751.98933686,878.15420398749,0.6,0
4,1.3165611772088,238754.56246901,159.96837517328,0.51639777949432,0
