stat_type,var_num,feature_volumes,feature_diameters,intersects_bounds,percolated
3,1.8,623609.9018242,877.63953697763,0.6,0
4,1.3165611772088,241985.19583776,162.45898841343,0.51639777949432,0
