stat_type,var_num,feature_volumes,feature_diameters,intersects_bounds,percolated
3,1.8,623606.28951831,877.74938692087,0.6,0
4,1.3165611772088,240655.48171812,161.78243937224,0.51639777949432,0
