stat_type,var_num,feature_volumes,feature_diameters,intersects_bounds,percolated
3,1.8,623590.41555928,877.11424994854,0.6,0
4,1.3165611772088,245437.17203451,165.49779906262,0.51639777949432,0
