stat_type,var_num,feature_volumes,feature_diameters,intersects_bounds,percolated
3,1.8,623593.82080614,876.92453097851,0.6,0
4,1.3165611772088,246933.94057212,166.62559317554,0.51639777949432,0
