stat_type,var_num,feature_volumes,feature_diameters,intersects_bounds,percolated
3,1.8,624041.97363107,878.87994122827,0.6,0
4,1.3165611772088,234466.09797647,156.79061518201,0.51639777949432,0
