stat_type,var_num,feature_volumes,feature_diameters,intersects_bounds,percolated
3,1.8,623905.65748523,878.60560491782,0.6,0
4,1.3165611772088,235937.00796197,157.88021585006,0.51639777949432,0
