stat_type,var_num,feature_volumes,feature_diameters,intersects_bounds,percolated
3,1.8,623614.2212285,877.54035928447,0.6,0
4,1.3165611772088,242326.90186878,163.0719164944,0.51639777949432,0
