stat_type,var_num,feature_volumes,feature_diameters,intersects_bounds,percolated
3,1.8,624121.44197169,878.93340684668,0.6,0
4,1.3165611772088,234530.76559919,156.81612361965,0.51639777949432,0
