stat_type,var_num,feature_volumes,feature_diameters,intersects_bounds,percolated
3,1.8,623623.70306767,877.65593872396,0.6,0
4,1.3165611772088,241959.71177046,162.42062335701,0.51639777949432,0
