stat_type,var_num,feature_volumes,feature_diameters,intersects_bounds,percolated
3,1.8,623608.78421799,877.57856801164,0.6,0
4,1.3165611772088,241991.72932054,162.81967352191,0.51639777949432,0
