stat_type,var_num,feature_volumes,feature_diameters,intersects_bounds,percolated
3,1.8,623598.3306098,876.64612168219,0.6,0
4,1.3165611772088,249316.02916425,168.26444763068,0.51639777949432,0
