stat_type,var_num,feature_volumes,feature_diameters,intersects_bounds,percolated
3,1.8,623612.22829026,877.56082428719,0.6,0
4,1.3165611772088,242154.50241179,162.94085264959,0.51639777949432,0
