stat_type,var_num,feature_volumes,feature_diameters,intersects_bounds,percolated
3,1.8,623599.57012717,876.26096433986,0.6,0
4,1.3165611772088,252971.18882989,170.48413135647,0.51639777949432,0
