stat_type,var_num,feature_volumes,feature_diameters,intersects_bounds,percolated
3,1.8,623904.96871749,878.79428496689,0.6,0
4,1.3165611772088,234292.34803589,156.70596328936,0.51639777949432,0
