stat_type,var_num,feature_volumes,feature_diameters,intersects_bounds,percolated
3,1.8,623961.17436714,878.53822123998,0.6,0
4,1.3165611772088,236840.90727667,158.54419434383,0.51639777949432,0
