stat_type,var_num,feature_volumes,feature_diameters,intersects_bounds,percolated
3,1.8,623591.69740556,876.27744154358,0.6,0
4,1.3165611772088,252664.7913137,170.35731842582,0.51639777949432,0
