stat_type,var_num,feature_volumes,feature_diameters,intersects_bounds,percolated
3,1.8,623598.78541017,877.07412809181,0.6,0
4,1.3165611772088,245793.09444335,165.76961075552,0.51639777949432,0
