stat_type,var_num,feature_volumes,feature_diameters,intersects_bounds,percolated
3,1.8,623741.80485044,878.12164512025,0.6,0
4,1.3165611772088,238957.37303102,160.12185641419,0.51639777949432,0
