stat_type,var_num,feature_volumes,feature_diameters,intersects_bounds,percolated
3,1.8,623911.69896009,878.64907402307,0.6,0
4,1.3165611772088,235613.12624131,157.63830702413,0.51639777949432,0
