stat_type,var_num,feature_volumes,feature_diameters,intersects_bounds,percolated
3,1.8,624453.60045587,879.18113891461,0.6,0
4,1.3165611772088,234528.22559106,156.77139382437,0.51639777949432,0
