stat_type,var_num,feature_volumes,feature_diameters,intersects_bounds,percolated
3,1.8,623652.39844709,877.77195751708,0.6,0
4,1.3165611772088,241217.69802409,161.8479618119,0.51639777949432,0
