stat_type,var_num,feature_volumes,feature_diameters,intersects_bounds,percolated
3,1.8,624522.8201728,879.23234767543,0.6,0
4,1.3165611772088,234527.95161071,156.76461489438,0.51639777949432,0
