stat_type,var_num,feature_volumes,feature_diameters,intersects_bounds,percolated
3,1.8,623941.33828703,878.73518161685,0.6,0
4,1.3165611772088,235075.50423473,157.23749231596,0.51639777949432,0
