stat_type,var_num,feature_volumes,feature_diameters,intersects_bounds,percolated
3,1.8,623593.24160274,876.25299016239,0.6,0
4,1.3165611772088,253086.43404815,170.50341237923,0.51639777949432,0
