stat_type,var_num,feature_volumes,feature_diameters,intersects_bounds,percolated
3,1.8,623918.97515114,878.47037202824,0.6,0
4,1.3165611772088,237143.0115196,158.77348414799,0.51639777949432,0
