stat_type,var_num,feature_volumes,feature_diameters,intersects_bounds,percolated
3,1.8,623607.6191659,877.59883259586,0.6,0
4,1.3165611772088,241823.63175127,162.69320188815,0.51639777949432,0
