stat_type,var_num,feature_volumes,feature_diameters,intersects_bounds,percolated
3,1.8,623600.31187017,877.78446086279,0.6,0
4,1.3165611772088,240488.68572213,161.54468748824,0.51639777949432,0
