stat_type,var_num,feature_volumes,feature_diameters,intersects_bounds,percolated
3,1.8,623587.58594216,876.28676197407,0.6,0
4,1.3165611772088,252525.7574394,170.28696308323,0.51639777949432,0
