stat_type,var_num,feature_volumes,feature_diameters,intersects_bounds,percolated
3,1.8,623731.20609742,878.08754921272,0.6,0
4,1.3165611772088,239169.27352703,160.28271136479,0.51639777949432,0
