stat_type,var_num,feature_volumes,feature_diameters,intersects_bounds,percolated
3,1.8,623604.59274283,877.64809488251,0.6,0
4,1.3165611772088,241828.13799599,162.38448649133,0.51639777949432,0
