stat_type,var_num,feature_volumes,feature_diameters,intersects_bounds,percolated
3,1.8,623897.49907406,878.61987676767,0.6,0
4,1.3165611772088,235768.09335119,157.75536557605,0.51639777949432,0
