stat_type,var_num,feature_volumes,feature_diameters,intersects_bounds,percolated
3,1.8,623597.5826122,876.71075629186,0.6,0
4,1.3165611772088,248741.39566856,167.88670778322,0.51639777949432,0
