stat_type,var_num,feature_volumes,feature_diameters,intersects_bounds,percolated
3,1.8,623600.87650438,877.3256312547,0.6,0
4,1.3165611772088,243924.05587664,164.29320957235,0.51639777949432,0
