stat_type,var_num,feature_volumes,feature_diameters,intersects_bounds,percolated
3,1.8,623600.10250818,877.42177554595,0.6,0
4,1.3165611772088,243180.25845208,163.71838426637,0.51639777949432,0
