stat_type,var_num,feature_volumes,feature_diameters,intersects_bounds,percolated
3,1.8,623608.6265411,877.66080003136,0.6,0
4,1.3165611772088,241344.86808446,162.32574875647,0.51639777949432,0
