stat_type,var_num,feature_volumes,feature_diameters,intersects_bounds,percolated
3,1.8,624917.20502019,879.53589536958,0.6,0
4,1.3165611772088,234332.7042995,156.65214958812,0.51639777949432,0
