stat_type,var_num,feature_volumes,feature_diameters,intersects_bounds,percolated
3,1.8,623641.28288556,877.72354800038,0.6,0
4,1.3165611772088,241533.32765527,162.09090859722,0.51639777949432,0
