stat_type,var_num,feature_volumes,feature_diameters,intersects_bounds,percolated
3,1.8,623590.09057115,877.03568163212,0.6,0
4,1.3165611772088,246037.27046273,165.95841568915,0.51639777949432,0
