stat_type,var_num,feature_volumes,feature_diameters,intersects_bounds,percolated
3,1.8,623607.8227477,877.7824974913,0.6,0
4,1.3165611772088,240587.45212077,161.5894228748,0.51639777949432,0
