stat_type,var_num,feature_volumes,feature_diameters,intersects_bounds,percolated
3,1.8,623602.08852096,877.26349704443,0.6,0
4,1.3165611772088,244395.74603818,164.66665329857,0.51639777949432,0
