stat_type,var_num,feature_volumes,feature_diameters,intersects_bounds,percolated
3,1.8,624266.50299426,879.0609759315,0.6,0
4,1.3165611772088,234285.26416201,156.67588150269,0.51639777949432,0
