stat_type,var_num,feature_volumes,feature_diameters,intersects_bounds,percolated
3,1.8,624468.34576989,879.20943444989,0.6,0
4,1.3165611772088,234285.47063799,156.66156957626,0.51639777949432,0
