stat_type,var_num,feature_volumes,feature_diameters,intersects_bounds,percolated
3,1.8,623596.5367983,877.22373673705,0.6,0
4,1.3165611772088,244658.1547426,164.87802332019,0.51639777949432,0
