stat_type,var_num,feature_volumes,feature_diameters,intersects_bounds,percolated
3,1.8,623979.71162518,878.57182947156,0.6,0
4,1.3165611772088,236676.01265523,158.41992163101,0.51639777949432,0
