stat_type,var_num,feature_volumes,feature_diameters,intersects_bounds,percolated
3,1.8,623589.41099106,876.33332376437,0.6,0
4,1.3165611772088,252780.74340584,170.02811340091,0.51639777949432,0
