stat_type,var_num,feature_volumes,feature_diameters,intersects_bounds,percolated
3,1.8,624000.22298705,878.79718523518,0.6,0
4,1.3165611772088,234927.9287361,157.11732011956,0.51639777949432,0
