stat_type,var_num,feature_volumes,feature_diameters,intersects_bounds,percolated
3,1.8,623592.81804788,876.25267630677,0.6,0
4,1.3165611772088,253040.6154908,170.50344739634,0.51639777949432,0
