stat_type,var_num,feature_volumes,feature_diameters,intersects_bounds,percolated
3,1.8,623588.44721022,876.38711632551,0.6,0
4,1.3165611772088,251565.98616039,169.71575245002,0.51639777949432,0
