stat_type,var_num,feature_volumes,feature_diameters,intersects_bounds,percolated
3,1.8,623605.54168787,877.63799270845,0.6,0
4,1.3165611772088,241960.43718083,162.4492732711,0.51639777949432,0
