stat_type,var_num,feature_volumes,feature_diameters,intersects_bounds,percolated
3,1.8,623660.69571765,877.80098622555,0.6,0
4,1.3165611772088,241038.04117657,161.70923448586,0.51639777949432,0
