stat_type,var_num,feature_volumes,feature_diameters,intersects_bounds,percolated
3,1.8,623609.04640162,877.74108479005,0.6,0
4,1.3165611772088,240995.72786765,161.84452898014,0.51639777949432,0
