stat_type,var_num,feature_volumes,feature_diameters,intersects_bounds,percolated
3,1.8,624905.88570629,879.52906014065,0.6,0
4,1.3165611772088,234320.3896653,156.6436784095,0.51639777949432,0
