stat_type,var_num,feature_volumes,feature_diameters,intersects_bounds,percolated
3,1.8,623603.41146564,877.78854174949,0.6,0
4,1.3165611772088,240406.47466094,161.53362114124,0.51639777949432,0
