stat_type,var_num,feature_volumes,feature_diameters,intersects_bounds,percolated
3,1.8,623592.17623788,876.52232389057,0.6,0
4,1.3165611772088,250385.17650996,168.95375532641,0.51639777949432,0
