stat_type,var_num,feature_volumes,feature_diameters,intersects_bounds,percolated
3,1.8,623594.58859131,876.26104146552,0.6,0
4,1.3165611772088,253121.31912989,170.46302071147,0.51639777949432,0
