stat_type,var_num,feature_volumes,feature_diameters,intersects_bounds,percolated
3,1.8,623604.19256863,877.78018537417,0.6,0
4,1.3165611772088,240439.10574239,161.58748715823,0.51639777949432,0
