stat_type,var_num,feature_volumes,feature_diameters,intersects_bounds,percolated
3,1.8,623588.71987655,876.54364009602,0.6,0
4,1.3165611772088,250168.53822135,168.81635256769,0.51639777949432,0
