stat_type,var_num,feature_volumes,feature_diameters,intersects_bounds,percolated
3,1.8,623898.47327065,878.43733538482,0.6,0
4,1.3165611772088,237293.33728224,158.88519919217,0.51639777949432,0
