stat_type,var_num,feature_volumes,feature_diameters,intersects_bounds,percolated
3,1.8,623596.87080267,876.57557670438,0.6,0
4,1.3165611772088,249940.18695635,168.66618644351,0.51639777949432,0
