stat_type,var_num,feature_volumes,feature_diameters,intersects_bounds,percolated
3,1.8,623598.6180857,877.18789255651,0.6,0
4,1.3165611772088,244934.06653665,165.09869688289,0.51639777949432,0
