stat_type,var_num,feature_volumes,feature_diameters,intersects_bounds,percolated
3,1.8,623595.02686035,877.15079433653,0.6,0
4,1.3165611772088,245188.64068362,165.30218824113,0.51639777949432,0
