stat_type,var_num,feature_volumes,feature_diameters,intersects_bounds,percolated
3,1.8,623588.12917812,876.68105356276,0.6,0
4,1.3165611772088,248935.97475531,168.01916564317,0.51639777949432,0
