stat_type,var_num,feature_volumes,feature_diameters,intersects_bounds,percolated
3,1.8,623609.49842763,877.64157997229,0.6,0
4,1.3165611772088,241500.69261432,162.44496837141,0.51639777949432,0
