stat_type,var_num,feature_volumes,feature_diameters,intersects_bounds,percolated
3,1.8,623596.0837566,876.75453710498,0.6,0
4,1.3165611772088,248354.70605007,167.6261562947,0.51639777949432,0
