stat_type,var_num,feature_volumes,feature_diameters,intersects_bounds,percolated
3,1.8,623592.44898198,876.3235835123,0.6,0
4,1.3165611772088,252191.14446302,170.09651777173,0.51639777949432,0
