stat_type,var_num,feature_volumes,feature_diameters,intersects_bounds,percolated
3,7.5,390407.79063496,705.03518526341,0.5,0
4,4.7609522856952,3240.265157074,2.9257750564181,0.51639777949432,0
