stat_type,var_num,feature_volumes,feature_diameters,intersects_bounds,percolated
3,7.5,389976.16333299,704.6458999734,0.5,0
4,4.7609522856952,3074.2343787741,2.7767242754027,0.51639777949432,0
