stat_type,var_num,feature_volumes,feature_diameters,intersects_bounds,percolated
3,7.5,389942.01209822,704.61420157283,0.5,0
4,4.7609522856952,3316.0232080217,2.9963353508465,0.51639777949432,0
