stat_type,var_num,feature_volumes,feature_diameters,intersects_bounds,percolated
3,7.5,390551.0210342,705.16449433117,0.5,0
4,4.7609522856952,3243.8499329635,2.9285085369434,0.51639777949432,0
