stat_type,var_num,feature_volumes,feature_diameters,intersects_bounds,percolated
3,7.5,389922.93226652,704.5968543823,0.5,0
4,4.7609522856952,3345.7137947485,3.0233853685784,0.51639777949432,0
