stat_type,var_num,feature_volumes,feature_diameters,intersects_bounds,percolated
3,7.5,390511.11386686,705.12850187256,0.5,0
4,4.7609522856952,3233.3293431249,2.9191196513907,0.51639777949432,0
