stat_type,var_num,feature_volumes,feature_diameters,intersects_bounds,percolated
3,7.5,389875.31285338,704.55477979261,0.5,0
4,4.7609522856952,3073.7085423643,2.7766862357615,0.51639777949432,0
