stat_type,var_num,feature_volumes,feature_diameters,intersects_bounds,percolated
3,7.5,390164.41169991,704.81561150554,0.5,0
4,4.7609522856952,3176.0199048796,2.8680683818191,0.51639777949432,0
