stat_type,var_num,feature_volumes,feature_diameters,intersects_bounds,percolated
3,7.5,389892.04596335,704.56951467081,0.5,0
4,4.7609522856952,3186.6187876321,2.8789062323745,0.51639777949432,0
