stat_type,var_num,feature_volumes,feature_diameters,intersects_bounds,percolated
3,7.5,390043.69233894,704.7068608094,0.5,0
4,4.7609522856952,3088.1341696462,2.7892342774978,0.51639777949432,0
