stat_type,var_num,feature_volumes,feature_diameters,intersects_bounds,percolated
3,7.5,389869.78020023,704.54973776397,0.5,0
4,4.7609522856952,3086.3758410433,2.7882543845435,0.51639777949432,0
