stat_type,var_num,feature_volumes,feature_diameters,intersects_bounds,percolated
3,7.5,390094.63153587,704.75261572077,0.5,0
4,4.7609522856952,3165.4691458523,2.8587540599604,0.51639777949432,0
