stat_type,var_num,feature_volumes,feature_diameters,intersects_bounds,percolated
3,7.5,390137.4683092,704.79143162761,0.5,0
4,4.7609522856952,3129.7988381749,2.8266236054726,0.51639777949432,0
