stat_type,var_num,feature_volumes,feature_diameters,intersects_bounds,percolated
3,7.5,390120.46866323,704.77611351266,0.5,0
4,4.7609522856952,3118.8334359116,2.8166617851223,0.51639777949432,0
