stat_type,var_num,feature_volumes,feature_diameters,intersects_bounds,percolated
3,7.5,389879.57519616,704.55741949755,0.5,0
4,4.7609522856952,3415.8951726264,3.0872564287632,0.51639777949432,0
