stat_type,var_num,feature_volumes,feature_diameters,intersects_bounds,percolated
3,7.5,389878.23833345,704.55742882692,0.5,0
4,4.7609522856952,3072.0355481306,2.7751588805294,0.51639777949432,0
