stat_type,var_num,feature_volumes,feature_diameters,intersects_bounds,percolated
3,7.5,389839.46518046,704.52235104498,0.5,0
4,4.7609522856952,3084.5383735778,2.7866432331112,0.51639777949432,0
