stat_type,var_num,feature_volumes,feature_diameters,intersects_bounds,percolated
3,7.5,389928.75109011,704.60307856722,0.5,0
4,4.7609522856952,3069.5231610498,2.7726648008166,0.51639777949432,0
