stat_type,var_num,feature_volumes,feature_diameters,intersects_bounds,percolated
3,7.5,390120.61887476,704.77617660416,0.5,0
4,4.7609522856952,3140.0255550362,2.8359706832493,0.51639777949432,0
