stat_type,var_num,feature_volumes,feature_diameters,intersects_bounds,percolated
3,7.5,390129.55995387,704.78429355831,0.5,0
4,4.7609522856952,3128.2643493987,2.8251927437599,0.51639777949432,0
