stat_type,var_num,feature_volumes,feature_diameters,intersects_bounds,percolated
3,7.5,390059.02776112,704.72030982809,0.5,0
4,4.7609522856952,3206.3474563647,2.8962213928752,0.51639777949432,0
