stat_type,var_num,feature_volumes,feature_diameters,intersects_bounds,percolated
3,7.5,390319.54423316,704.95563568243,0.5,0
4,4.7609522856952,3200.8777121483,2.8900787076783,0.51639777949432,0
