stat_type,var_num,feature_volumes,feature_diameters,intersects_bounds,percolated
3,7.5,390241.29756587,704.8850117927,0.5,0
4,4.7609522856952,3188.6937726014,2.8792961420394,0.51639777949432,0
