stat_type,var_num,feature_volumes,feature_diameters,intersects_bounds,percolated
3,7.5,389884.92828576,704.56347196338,0.5,0
4,4.7609522856952,3072.5794814199,2.7756204475681,0.51639777949432,0
