stat_type,var_num,feature_volumes,feature_diameters,intersects_bounds,percolated
3,7.5,389965.52624597,704.63555425174,0.5,0
4,4.7609522856952,3286.1559810797,2.969136201552,0.51639777949432,0
