stat_type,var_num,feature_volumes,feature_diameters,intersects_bounds,percolated
3,7.5,390117.16636464,704.77311220342,0.5,0
4,4.7609522856952,3124.2750114717,2.8215571298507,0.51639777949432,0
