stat_type,var_num,feature_volumes,feature_diameters,intersects_bounds,percolated
3,7.5,390088.3279377,704.74693535084,0.5,0
4,4.7609522856952,3160.9743188958,2.8551116258003,0.51639777949432,0
