stat_type,var_num,feature_volumes,feature_diameters,intersects_bounds,percolated
3,7.5,389863.5712916,704.54415135849,0.5,0
4,4.7609522856952,3079.3286369576,2.7818088495171,0.51639777949432,0
