stat_type,var_num,feature_volumes,feature_diameters,intersects_bounds,percolated
3,7.5,390012.0039263,704.67774096885,0.5,0
4,4.7609522856952,3231.0974052917,2.9189410707909,0.51639777949432,0
