stat_type,var_num,feature_volumes,feature_diameters,intersects_bounds,percolated
3,7.5,390139.67247648,704.79343768811,0.5,0
4,4.7609522856952,3125.4666432516,2.8226056714606,0.51639777949432,0
