stat_type,var_num,feature_volumes,feature_diameters,intersects_bounds,percolated
3,7.5,390371.14957355,705.00221480265,0.5,0
4,4.7609522856952,3207.4481172003,2.895860794206,0.51639777949432,0
