stat_type,var_num,feature_volumes,feature_diameters,intersects_bounds,percolated
3,7.5,390338.22086549,704.97351887521,0.5,0
4,4.7609522856952,2890.9866730926,2.6120361852095,0.51639777949432,0
