stat_type,var_num,feature_volumes,feature_diameters,intersects_bounds,percolated
3,7.5,390096.31785583,704.75438700704,0.5,0
4,4.7609522856952,3092.471594825,2.7927800164807,0.51639777949432,0
