stat_type,var_num,feature_volumes,feature_diameters,intersects_bounds,percolated
3,7.5,389897.71619161,704.57502294008,0.5,0
4,4.7609522856952,3073.7351385178,2.7766082080838,0.51639777949432,0
