stat_type,var_num,feature_volumes,feature_diameters,intersects_bounds,percolated
3,7.5,389927.3206946,704.60133787234,0.5,0
4,4.7609522856952,3200.6730126627,2.891633818017,0.51639777949432,0
