stat_type,var_num,feature_volumes,feature_diameters,intersects_bounds,percolated
3,7.5,389991.6328815,704.65923791317,0.5,0
4,4.7609522856952,3259.0213996281,2.9443775473058,0.51639777949432,0
