stat_type,var_num,feature_volumes,feature_diameters,intersects_bounds,percolated
3,7.5,390007.47998282,704.67409782662,0.5,0
4,4.7609522856952,3102.4861537893,2.8023055031162,0.51639777949432,0
