stat_type,var_num,feature_volumes,feature_diameters,intersects_bounds,percolated
3,7.5,390032.79956396,704.69704324484,0.5,0
4,4.7609522856952,3081.4955464513,2.7830708360089,0.51639777949432,0
