stat_type,var_num,feature_volumes,feature_diameters,intersects_bounds,percolated
3,7.5,390113.25166543,704.7695727806,0.5,0
4,4.7609522856952,3125.2172785446,2.8224298376387,0.51639777949432,0
