stat_type,var_num,feature_volumes,feature_diameters,intersects_bounds,percolated
3,7.5,390048.69541631,704.71101823646,0.5,0
4,4.7609522856952,3194.0462699908,2.8852087218623,0.51639777949432,0
