stat_type,var_num,feature_volumes,feature_diameters,intersects_bounds,percolated
3,7.5,389899.58174215,704.57562880884,0.5,0
4,4.7609522856952,3380.356336465,3.054917512212,0.51639777949432,0
