stat_type,var_num,feature_volumes,feature_diameters,intersects_bounds,percolated
3,7.5,389872.98496239,704.55267240634,0.5,0
4,4.7609522856952,3074.8891313383,2.7777560510001,0.51639777949432,0
