stat_type,var_num,feature_volumes,feature_diameters,intersects_bounds,percolated
3,7.5,390005.46517871,704.67226987469,0.5,0
4,4.7609522856952,3104.7657189377,2.8043771522843,0.51639777949432,0
