stat_type,var_num,feature_volumes,feature_diameters,intersects_bounds,percolated
3,7.5,390232.98096718,704.8773507376,0.5,0
4,4.7609522856952,3231.1547534382,2.9181627892982,0.51639777949432,0
