stat_type,var_num,feature_volumes,feature_diameters,intersects_bounds,percolated
3,7.5,390104.52712693,704.76160901339,0.5,0
4,4.7609522856952,3149.2433918984,2.8444057989445,0.51639777949432,0
